Time,Deal,Symbol,Type,Direction,Volume,Price,Order,Commission,Swap,Profit,Balance,Comment
2024.01.01 00:00:00,1.0,,balance,,,,,0,0.0,100.0,100.0,
2024.01.02 01:03:34,2.0,XAUUSDc,buy,in,2.03,2066.368,2.0,0,0.0,0.0,100.0,Range Breakout Buy
2024.01.02 02:07:30,3.0,XAUUSDc,sell,out,2.03,2064.418,3.0,0,0.0,-3.96,96.04,sl 2065.053
2024.01.03 00:12:34,4.0,XAUUSDc,buy,in,7.42,2060.626,4.0,0,0.0,0.0,96.04,Range Breakout Buy
2024.01.03 01:16:30,5.0,XAUUSDc,sell,out,7.42,2059.897,5.0,0,0.0,-5.41,90.63,sl 2059.922
2024.01.04 00:54:34,6.0,XAUUSDc,sell,in,7.95,2041.821,6.0,0,0.0,0.0,90.63,Range Breakout Sell
2024.01.04 00:55:30,7.0,XAUUSDc,buy,out,7.95,2042.352,7.0,0,0.0,-4.22,86.41,sl 2042.059
2024.01.05 00:48:32,8.0,XAUUSDc,buy,in,17.51,2044.807,8.0,0,0.0,0.0,86.41,Range Breakout Buy
2024.01.05 00:51:30,9.0,XAUUSDc,sell,out,17.51,2044.308,9.0,0,0.0,-8.74,77.67,sl 2044.323
2024.01.09 00:03:31,10.0,XAUUSDc,buy,in,7.37,2031.796,10.0,0,0.0,0.0,77.67,Range Breakout Buy
2024.01.09 00:19:30,11.0,XAUUSDc,sell,out,7.37,2033.971,11.0,0,0.0,16.03,93.7,tp 2033.939
2024.01.10 01:15:31,12.0,XAUUSDc,sell,in,4.1,2027.327,12.0,0,0.0,0.0,93.7,Range Breakout Sell
2024.01.10 01:21:30,13.0,XAUUSDc,buy,out,4.1,2029.097,13.0,0,0.0,-7.26,86.44,sl 2028.842
2024.01.11 00:06:32,14.0,XAUUSDc,buy,in,10.45,2027.719,14.0,0,0.0,0.0,86.44,Range Breakout Buy
2024.01.11 00:09:30,15.0,XAUUSDc,sell,out,10.45,2027.047,15.0,0,0.0,-7.02,79.42,sl 2027.239
2024.01.16 00:27:33,16.0,XAUUSDc,sell,in,4.23,2052.819,17.0,0,0.0,0.0,79.42,Range Breakout Sell
2024.01.16 05:22:30,17.0,XAUUSDc,buy,out,4.23,2048.564,18.0,0,0.0,18.0,97.42,tp 2048.581
2024.01.17 00:12:31,18.0,XAUUSDc,sell,in,6.58,2025.938,19.0,0,0.0,0.0,97.42,Range Breakout Sell
2024.01.17 00:20:30,19.0,XAUUSDc,buy,out,6.58,2026.751,20.0,0,0.0,-5.35,92.07,sl 2026.439
2024.01.19 00:21:31,20.0,XAUUSDc,buy,in,3.5,2024.023,22.0,0,0.0,0.0,92.07,Range Breakout Buy
2024.01.19 00:36:30,21.0,XAUUSDc,sell,out,3.5,2023.446,23.0,0,0.0,-2.02,90.05,sl 2023.458
2024.01.24 07:45:33,22.0,XAUUSDc,buy,in,1.15,2030.615,25.0,0,0.0,0.0,90.05,Range Breakout Buy
2024.01.24 08:18:30,23.0,XAUUSDc,sell,out,1.15,2028.57,26.0,0,0.0,-2.35,87.7,sl 2028.856
2024.01.25 07:33:36,24.0,XAUUSDc,buy,in,13.28,2017.565,27.0,0,0.0,0.0,87.7,Range Breakout Buy
2024.01.25 07:34:30,25.0,XAUUSDc,sell,out,13.28,2017.134,28.0,0,0.0,-5.72,81.98,sl 2017.272
2024.01.26 00:42:38,26.0,XAUUSDc,buy,in,2.95,2021.31,29.0,0,0.0,0.0,81.98,Range Breakout Buy
2024.01.26 07:16:30,27.0,XAUUSDc,sell,out,2.95,2020.001,30.0,0,0.0,-3.86,78.12,sl 2020.320
2024.01.30 00:39:34,28.0,XAUUSDc,buy,in,9.01,2033.073,31.0,0,0.0,0.0,78.12,Range Breakout Buy
2024.01.30 01:04:30,29.0,XAUUSDc,sell,out,9.01,2032.56,32.0,0,0.0,-4.62,73.5,sl 2032.772
2024.01.31 00:03:32,30.0,XAUUSDc,buy,in,3.24,2037.467,33.0,0,0.0,0.0,73.5,Range Breakout Buy
2024.01.31 00:42:30,31.0,XAUUSDc,sell,out,3.24,2036.249,34.0,0,0.0,-3.95,69.55,sl 2036.658
2024.02.01 00:33:33,32.0,XAUUSDc,buy,in,3.03,2041.856,35.0,0,0.0,0.0,69.55,Range Breakout Buy
2024.02.01 00:50:30,33.0,XAUUSDc,sell,out,3.03,2041.135,36.0,0,0.0,-2.19,67.36,sl 2041.173
2024.02.02 00:30:36,34.0,XAUUSDc,buy,in,4.78,2055.985,37.0,0,0.0,0.0,67.36,Range Breakout Buy
2024.02.02 00:53:30,35.0,XAUUSDc,sell,out,4.78,2055.411,38.0,0,0.0,-2.74,64.62,sl 2055.700
2024.02.05 00:03:33,36.0,XAUUSDc,sell,in,4.25,2037.951,39.0,0,0.0,0.0,64.62,Range Breakout Sell
2024.02.05 00:04:30,37.0,XAUUSDc,buy,out,4.25,2038.469,40.0,0,0.0,-2.2,62.42,sl 2038.379
2024.02.06 00:06:34,38.0,XAUUSDc,buy,in,8.14,2025.648,41.0,0,0.0,0.0,62.42,Range Breakout Buy
2024.02.06 00:10:30,39.0,XAUUSDc,sell,out,8.14,2024.977,42.0,0,0.0,-5.46,56.96,sl 2025.284
2024.02.08 00:03:43,40.0,XAUUSDc,buy,in,12.94,2037.015,43.0,0,0.0,0.0,56.96,Range Breakout Buy
2024.02.08 01:02:30,41.0,XAUUSDc,sell,out,12.94,2037.771,44.0,0,0.0,9.78,66.74,tp 2037.649
2024.02.09 00:36:34,42.0,XAUUSDc,sell,in,4.09,2033.489,45.0,0,0.0,0.0,66.74,Range Breakout Sell
2024.02.09 00:37:30,43.0,XAUUSDc,buy,out,4.09,2033.75,46.0,0,0.0,-1.07,65.67,sl 2033.744
2024.02.12 08:21:42,44.0,XAUUSDc,buy,in,3.39,2026.974,47.0,0,0.0,0.0,65.67,Range Breakout Buy
2024.02.12 08:35:30,45.0,XAUUSDc,sell,out,3.39,2025.767,48.0,0,0.0,-4.09,61.58,sl 2025.941
2024.02.14 00:27:41,46.0,XAUUSDc,buy,in,3.7,1992.597,50.0,0,0.0,0.0,61.58,Range Breakout Buy
2024.02.14 00:51:30,47.0,XAUUSDc,sell,out,3.7,1992.255,51.0,0,0.0,-1.27,60.31,sl 1992.270
2024.02.16 01:36:35,48.0,XAUUSDc,buy,in,3.36,2004.198,52.0,0,0.0,0.0,60.31,Range Breakout Buy
2024.02.16 01:40:30,49.0,XAUUSDc,sell,out,3.36,2003.639,53.0,0,0.0,-1.88,58.43,sl 2003.979
2024.02.19 00:27:37,50.0,XAUUSDc,buy,in,1.42,2018.086,54.0,0,0.0,0.0,58.43,Range Breakout Buy
2024.02.19 00:38:30,51.0,XAUUSDc,sell,out,1.42,2016.635,55.0,0,0.0,-2.06,56.37,sl 2016.745
2024.02.20 00:12:38,52.0,XAUUSDc,sell,in,5.99,2015.378,56.0,0,0.0,0.0,56.37,Range Breakout Sell
2024.02.20 00:17:30,53.0,XAUUSDc,buy,out,5.99,2015.925,57.0,0,0.0,-3.28,53.09,sl 2015.796
2024.02.21 00:03:33,54.0,XAUUSDc,sell,in,2.48,2023.38,58.0,0,0.0,0.0,53.09,Range Breakout Sell
2024.02.21 00:05:30,55.0,XAUUSDc,buy,out,2.48,2023.663,59.0,0,0.0,-0.7,52.39,sl 2023.600
2024.02.23 00:27:30,56.0,XAUUSDc,buy,in,9.13,2026.09,60.0,0,0.0,0.0,52.39,Range Breakout Buy
2024.02.23 00:34:30,57.0,XAUUSDc,sell,out,9.13,2025.543,61.0,0,0.0,-4.99,47.4,sl 2025.604
2024.02.26 00:03:33,58.0,XAUUSDc,sell,in,2.51,2032.972,62.0,0,0.0,0.0,47.4,Range Breakout Sell
2024.02.26 00:06:30,59.0,XAUUSDc,buy,out,2.51,2033.604,63.0,0,0.0,-1.59,45.81,sl 2033.596
2024.02.27 00:03:40,60.0,XAUUSDc,buy,in,3.86,2032.193,64.0,0,0.0,0.0,45.81,Range Breakout Buy
2024.02.27 00:05:30,61.0,XAUUSDc,sell,out,3.86,2031.774,65.0,0,0.0,-1.62,44.19,sl 2031.823
2024.03.04 07:45:38,62.0,XAUUSDc,buy,in,1.31,2087.211,67.0,0,0.0,0.0,44.19,Range Breakout Buy
2024.03.04 08:18:30,63.0,XAUUSDc,sell,out,1.31,2085.628,68.0,0,0.0,-2.07,42.12,sl 2085.692
2024.03.05 01:18:36,64.0,XAUUSDc,sell,in,1.39,2113.248,69.0,0,0.0,0.0,42.12,Range Breakout Sell
2024.03.05 04:10:30,65.0,XAUUSDc,buy,out,1.39,2114.629,70.0,0,0.0,-1.92,40.2,sl 2114.143
2024.03.06 07:06:35,66.0,XAUUSDc,buy,in,1.29,2129.288,71.0,0,0.0,0.0,40.2,Range Breakout Buy
2024.03.06 08:00:30,67.0,XAUUSDc,sell,out,1.29,2127.633,72.0,0,0.0,-2.14,38.06,sl 2127.835
2024.03.07 01:15:34,68.0,XAUUSDc,sell,in,1.23,2146.48,73.0,0,0.0,0.0,38.06,Range Breakout Sell
2024.03.07 01:38:30,69.0,XAUUSDc,buy,out,1.23,2146.971,74.0,0,0.0,-0.6,37.46,sl 2146.742
2024.03.08 00:03:39,70.0,XAUUSDc,buy,in,5.59,2161.849,75.0,0,0.0,0.0,37.46,Range Breakout Buy
2024.03.08 00:04:30,71.0,XAUUSDc,sell,out,5.59,2160.903,76.0,0,0.0,-5.29,32.17,sl 2161.267
2024.03.11 00:39:47,72.0,XAUUSDc,buy,in,1.64,2184.669,77.0,0,0.0,0.0,32.17,Range Breakout Buy
2024.03.11 01:04:30,73.0,XAUUSDc,sell,out,1.64,2183.416,78.0,0,0.0,-2.06,30.11,sl 2183.876
2024.03.12 00:57:38,74.0,XAUUSDc,sell,in,2.23,2180.547,79.0,0,0.0,0.0,30.11,Range Breakout Sell
2024.03.12 00:58:30,75.0,XAUUSDc,buy,out,2.23,2180.924,80.0,0,0.0,-0.84,29.27,sl 2180.771
2024.03.13 02:48:32,76.0,XAUUSDc,buy,in,1.79,2161.477,81.0,0,0.0,0.0,29.27,Range Breakout Buy
2024.03.13 02:55:30,77.0,XAUUSDc,sell,out,1.79,2160.476,82.0,0,0.0,-1.79,27.48,sl 2160.743
2024.03.14 00:57:30,78.0,XAUUSDc,buy,in,1.43,2176.643,83.0,0,0.0,0.0,27.48,Range Breakout Buy
2024.03.14 01:11:30,79.0,XAUUSDc,sell,out,1.43,2175.21,84.0,0,0.0,-2.05,25.43,sl 2175.898
2024.03.15 00:42:34,80.0,XAUUSDc,buy,in,1.36,2162.258,85.0,0,0.0,0.0,25.43,Range Breakout Buy
2024.03.15 05:43:30,81.0,XAUUSDc,sell,out,1.36,2166.89,86.0,0,0.0,6.3,31.73,tp 2166.719
2024.03.18 01:09:38,82.0,XAUUSDc,sell,in,1.9,2153.584,87.0,0,0.0,0.0,31.73,Range Breakout Sell
2024.03.18 02:45:30,83.0,XAUUSDc,buy,out,1.9,2148.709,88.0,0,0.0,9.26,40.99,tp 2149.876
2024.03.19 00:03:31,84.0,XAUUSDc,buy,in,1.33,2162.49,89.0,0,0.0,0.0,40.99,Range Breakout Buy
2024.03.19 00:10:30,85.0,XAUUSDc,sell,out,1.33,2161.723,90.0,0,0.0,-1.02,39.97,sl 2161.781
2024.03.20 01:24:36,86.0,XAUUSDc,buy,in,1.47,2159.864,91.0,0,0.0,0.0,39.97,Range Breakout Buy
2024.03.20 01:33:30,87.0,XAUUSDc,sell,out,1.47,2158.426,92.0,0,0.0,-2.11,37.86,sl 2158.904
2024.03.21 14:06:35,88.0,XAUUSDc,sell,in,0.43,2183.554,93.0,0,0.0,0.0,37.86,Range Breakout Sell
2024.03.22 00:15:37,89.0,XAUUSDc,buy,in,4.41,2183.248,94.0,0,0.0,0.0,37.86,Range Breakout Buy
2024.03.22 00:34:30,90.0,XAUUSDc,sell,out,4.41,2184.909,95.0,0,0.0,7.33,45.19,tp 2184.621
2024.03.22 07:21:30,91.0,XAUUSDc,buy,out,0.43,2164.437,96.0,0,0.0,8.22,53.41,tp 2164.451
2024.03.25 00:03:33,92.0,XAUUSDc,buy,in,2.46,2168.908,97.0,0,0.0,0.0,53.41,Range Breakout Buy
2024.03.25 00:09:30,93.0,XAUUSDc,sell,out,2.46,2168.032,98.0,0,0.0,-2.16,51.25,sl 2168.473
2024.03.26 00:03:35,94.0,XAUUSDc,buy,in,2.84,2173.194,99.0,0,0.0,0.0,51.25,Range Breakout Buy
2024.03.26 00:07:30,95.0,XAUUSDc,sell,out,2.84,2172.606,100.0,0,0.0,-1.67,49.58,sl 2172.704
2024.03.28 00:03:32,96.0,XAUUSDc,sell,in,0.88,2187.914,101.0,0,0.0,0.0,49.58,Range Breakout Sell
2024.03.28 00:32:30,97.0,XAUUSDc,buy,out,0.88,2190.464,102.0,0,0.0,-2.24,47.34,sl 2190.297
2024.04.01 00:09:37,98.0,XAUUSDc,buy,in,0.64,2248.717,103.0,0,0.0,0.0,47.34,Range Breakout Buy
2024.04.01 12:05:30,99.0,XAUUSDc,sell,out,0.64,2245.593,104.0,0,0.0,-2.0,45.34,sl 2245.926
2024.04.02 04:45:32,100.0,XAUUSDc,buy,in,0.88,2257.451,105.0,0,0.0,0.0,45.34,Range Breakout Buy
2024.04.02 05:16:30,101.0,XAUUSDc,sell,out,0.88,2254.844,106.0,0,0.0,-2.29,43.05,sl 2255.036
2024.04.03 01:12:35,102.0,XAUUSDc,sell,in,1.47,2277.669,107.0,0,0.0,0.0,43.05,Range Breakout Sell
2024.04.03 01:16:30,103.0,XAUUSDc,buy,out,1.47,2278.956,108.0,0,0.0,-1.89,41.16,sl 2278.850
2024.04.04 00:57:35,104.0,XAUUSDc,buy,in,0.62,2302.363,109.0,0,0.0,0.0,41.16,Range Breakout Buy
2024.04.04 01:05:30,105.0,XAUUSDc,sell,out,0.62,2300.278,110.0,0,0.0,-1.29,39.87,sl 2300.351
2024.04.05 00:15:38,106.0,XAUUSDc,sell,in,1.44,2288.317,111.0,0,0.0,0.0,39.87,Range Breakout Sell
2024.04.05 00:16:30,107.0,XAUUSDc,buy,out,1.44,2288.916,112.0,0,0.0,-0.86,39.01,sl 2288.853
2024.04.08 01:03:33,108.0,XAUUSDc,sell,in,0.45,2302.891,113.0,0,0.0,0.0,39.01,Range Breakout Sell
2024.04.08 01:07:30,109.0,XAUUSDc,buy,out,0.45,2306.63,114.0,0,0.0,-1.68,37.33,sl 2306.230
2024.04.10 01:03:35,110.0,XAUUSDc,sell,in,0.49,2349.85,115.0,0,0.0,0.0,37.33,Range Breakout Sell
2024.04.10 02:31:30,111.0,XAUUSDc,buy,out,0.49,2351.084,116.0,0,0.0,-0.6,36.73,sl 2350.958
2024.04.11 01:09:32,112.0,XAUUSDc,buy,in,1.41,2339.778,117.0,0,0.0,0.0,36.73,Range Breakout Buy
2024.04.11 02:49:30,113.0,XAUUSDc,sell,out,1.41,2344.667,118.0,0,0.0,6.89,43.62,tp 2344.504
2024.04.12 01:03:05,114.0,XAUUSDc,buy,in,0.24,2384.541,119.0,0,0.0,0.0,43.62,Range Breakout Buy
2024.04.12 14:58:27,115.0,XAUUSDc,sell,out,0.24,2426.804,120.0,0,0.0,10.14,53.76,tp 2426.799
2024.04.16 15:09:04,116.0,XAUUSDc,buy,in,0.31,2392.944,121.0,0,0.0,0.0,53.76,Range Breakout Buy
2024.04.16 15:12:36,117.0,XAUUSDc,sell,out,0.31,2387.493,122.0,0,0.0,-1.69,52.07,sl 2387.495
2024.04.17 00:03:02,118.0,XAUUSDc,sell,in,0.71,2381.164,123.0,0,0.0,0.0,52.07,Range Breakout Sell
2024.04.17 00:19:38,119.0,XAUUSDc,buy,out,0.71,2383.421,124.0,0,0.0,-1.6,50.47,sl 2383.399
2024.04.18 00:03:05,120.0,XAUUSDc,buy,in,0.84,2369.61,125.0,0,0.0,0.0,50.47,Range Breakout Buy
2024.04.18 00:09:30,121.0,XAUUSDc,sell,out,0.84,2367.829,126.0,0,0.0,-1.5,48.97,sl 2367.837
2024.04.19 00:06:07,122.0,XAUUSDc,sell,in,0.79,2377.041,127.0,0,0.0,0.0,48.97,Range Breakout Sell
2024.04.19 00:58:30,123.0,XAUUSDc,buy,out,0.79,2379.051,128.0,0,0.0,-1.59,47.38,sl 2379.029
2024.04.23 01:09:02,124.0,XAUUSDc,buy,in,1.11,2334.201,129.0,0,0.0,0.0,47.38,Range Breakout Buy
2024.04.23 01:21:41,125.0,XAUUSDc,sell,out,1.11,2332.653,130.0,0,0.0,-1.72,45.66,sl 2332.673
2024.04.24 03:21:00,126.0,XAUUSDc,buy,in,0.82,2325.336,131.0,0,0.0,0.0,45.66,Range Breakout Buy
2024.04.24 07:05:03,127.0,XAUUSDc,sell,out,0.82,2323.503,132.0,0,0.0,-1.5,44.16,sl 2323.504
2024.04.25 03:12:01,128.0,XAUUSDc,sell,in,0.23,2313.219,133.0,0,0.0,0.0,44.16,Range Breakout Sell
2024.04.25 05:36:37,129.0,XAUUSDc,buy,out,0.23,2318.714,134.0,0,0.0,-1.26,42.9,sl 2318.705
2024.04.26 00:18:03,130.0,XAUUSDc,sell,in,1.28,2329.799,135.0,0,0.0,0.0,42.9,Range Breakout Sell
2024.04.26 01:32:14,131.0,XAUUSDc,buy,out,1.28,2330.833,136.0,0,0.0,-1.32,41.58,sl 2330.814
2024.04.29 00:45:04,132.0,XAUUSDc,sell,in,1.55,2332.049,137.0,0,0.0,0.0,41.58,Range Breakout Sell
2024.04.29 01:00:37,133.0,XAUUSDc,buy,out,1.55,2325.767,138.0,0,0.0,9.74,51.32,tp 2325.767
2024.04.30 00:03:00,134.0,XAUUSDc,sell,in,1.15,2331.882,139.0,0,0.0,0.0,51.32,Range Breakout Sell
2024.04.30 00:06:36,135.0,XAUUSDc,buy,out,1.15,2333.243,140.0,0,0.0,-1.57,49.75,sl 2333.218
2024.05.01 00:51:16,136.0,XAUUSDc,sell,in,1.15,2285.76,141.0,0,0.0,0.0,49.75,Range Breakout Sell
2024.05.01 00:52:29,137.0,XAUUSDc,buy,out,1.15,2288.225,142.0,0,0.0,-2.84,46.91,sl 2288.222
2024.05.02 00:06:02,138.0,XAUUSDc,buy,in,1.3,2325.636,143.0,0,0.0,0.0,46.91,Range Breakout Buy
2024.05.02 00:06:35,139.0,XAUUSDc,sell,out,1.3,2324.272,144.0,0,0.0,-1.77,45.14,sl 2324.289
2024.05.03 01:06:00,140.0,XAUUSDc,buy,in,1.02,2305.69,145.0,0,0.0,0.0,45.14,Range Breakout Buy
2024.05.03 01:12:25,141.0,XAUUSDc,sell,out,1.02,2304.206,146.0,0,0.0,-1.51,43.63,sl 2304.217
2024.05.06 00:18:02,142.0,XAUUSDc,sell,in,0.52,2292.315,147.0,0,0.0,0.0,43.63,Range Breakout Sell
2024.05.06 00:38:34,143.0,XAUUSDc,buy,out,0.52,2294.986,148.0,0,0.0,-1.39,42.24,sl 2294.960
2024.05.07 02:12:05,144.0,XAUUSDc,sell,in,0.9,2322.061,149.0,0,0.0,0.0,42.24,Range Breakout Sell
2024.05.07 02:29:25,145.0,XAUUSDc,buy,out,0.9,2323.354,150.0,0,0.0,-1.16,41.08,sl 2323.354
2024.05.08 00:45:00,146.0,XAUUSDc,sell,in,2.39,2313.812,151.0,0,0.0,0.0,41.08,Range Breakout Sell
2024.05.08 00:45:29,147.0,XAUUSDc,buy,out,2.39,2314.355,152.0,0,0.0,-1.3,39.78,sl 2314.326
2024.05.10 00:30:07,148.0,XAUUSDc,buy,in,1.04,2348.664,153.0,0,0.0,0.0,39.78,Range Breakout Buy
2024.05.10 00:36:37,149.0,XAUUSDc,sell,out,1.04,2347.407,154.0,0,0.0,-1.31,38.47,sl 2347.421
2024.05.13 01:15:04,150.0,XAUUSDc,sell,in,0.51,2359.597,155.0,0,0.0,0.0,38.47,Range Breakout Sell
2024.05.13 09:26:04,151.0,XAUUSDc,buy,out,0.51,2341.479,156.0,0,0.0,9.24,47.71,tp 2341.483
2024.05.14 00:18:00,152.0,XAUUSDc,buy,in,1.75,2339.738,157.0,0,0.0,0.0,47.71,Range Breakout Buy
2024.05.14 00:25:13,153.0,XAUUSDc,sell,out,1.75,2338.71,158.0,0,0.0,-1.8,45.91,sl 2338.715
2024.05.15 01:33:02,154.0,XAUUSDc,buy,in,0.86,2358.067,159.0,0,0.0,0.0,45.91,Range Breakout Buy
2024.05.15 04:53:37,155.0,XAUUSDc,sell,out,0.86,2356.248,160.0,0,0.0,-1.57,44.34,sl 2356.274
2024.05.16 00:12:06,156.0,XAUUSDc,buy,in,0.78,2392.107,161.0,0,0.0,0.0,44.34,Range Breakout Buy
2024.05.16 01:55:40,157.0,XAUUSDc,sell,out,0.78,2390.367,162.0,0,0.0,-1.36,42.98,sl 2390.394
2024.05.20 00:42:06,158.0,XAUUSDc,buy,in,0.56,2425.14,163.0,0,0.0,0.0,42.98,Range Breakout Buy
2024.05.20 05:34:19,159.0,XAUUSDc,sell,out,0.56,2443.634,164.0,0,0.0,10.36,53.34,tp 2443.630
2024.05.22 00:06:01,160.0,XAUUSDc,buy,in,3.25,2422.526,165.0,0,0.0,0.0,53.34,Range Breakout Buy
2024.05.22 00:14:33,161.0,XAUUSDc,sell,out,3.25,2421.857,166.0,0,0.0,-2.18,51.16,sl 2421.866
2024.05.23 01:12:04,162.0,XAUUSDc,sell,in,0.31,2376.266,167.0,0,0.0,0.0,51.16,Range Breakout Sell
2024.05.23 17:28:27,163.0,XAUUSDc,buy,out,0.31,2337.596,168.0,0,0.0,11.99,63.15,tp 2337.603
2024.05.27 02:27:04,164.0,XAUUSDc,buy,in,1.37,2341.011,169.0,0,0.0,0.0,63.15,Range Breakout Buy
2024.05.27 02:30:36,165.0,XAUUSDc,sell,out,1.37,2339.455,170.0,0,0.0,-2.13,61.02,sl 2339.473
2024.05.28 01:36:00,166.0,XAUUSDc,buy,in,1.4,2354.255,171.0,0,0.0,0.0,61.02,Range Breakout Buy
2024.05.28 02:32:24,167.0,XAUUSDc,sell,out,1.4,2352.702,172.0,0,0.0,-2.17,58.85,sl 2352.721
2024.05.29 00:45:14,168.0,XAUUSDc,sell,in,2.72,2357.446,173.0,0,0.0,0.0,58.85,Range Breakout Sell
2024.05.29 00:48:04,169.0,XAUUSDc,buy,out,2.72,2358.248,174.0,0,0.0,-2.18,56.67,sl 2358.248
2024.05.30 00:03:03,170.0,XAUUSDc,sell,in,0.77,2336.265,175.0,0,0.0,0.0,56.67,Range Breakout Sell
2024.05.30 01:12:15,171.0,XAUUSDc,buy,out,0.77,2338.391,176.0,0,0.0,-1.64,55.03,sl 2338.378
2024.05.31 00:48:02,172.0,XAUUSDc,buy,in,1.03,2346.794,177.0,0,0.0,0.0,55.03,Range Breakout Buy
2024.05.31 01:09:36,173.0,XAUUSDc,sell,out,1.03,2344.936,178.0,0,0.0,-1.91,53.12,sl 2344.944
2024.06.04 01:09:05,174.0,XAUUSDc,sell,in,1.61,2349.661,179.0,0,0.0,0.0,53.12,Range Breakout Sell
2024.06.04 06:04:30,175.0,XAUUSDc,buy,out,1.61,2350.595,180.0,0,0.0,-1.5,51.62,sl 2350.571
2024.06.05 01:03:04,176.0,XAUUSDc,sell,in,0.98,2326.996,181.0,0,0.0,0.0,51.62,Range Breakout Sell
2024.06.05 01:32:37,177.0,XAUUSDc,buy,out,0.98,2328.724,182.0,0,0.0,-1.69,49.93,sl 2328.704
2024.06.06 01:03:02,178.0,XAUUSDc,buy,in,0.8,2357.498,183.0,0,0.0,0.0,49.93,Range Breakout Buy
2024.06.06 01:31:36,179.0,XAUUSDc,sell,out,0.8,2372.274,184.0,0,0.0,11.82,61.75,tp 2372.268
2024.06.07 01:12:06,180.0,XAUUSDc,sell,in,0.78,2374.97,185.0,0,0.0,0.0,61.75,Range Breakout Sell
2024.06.07 02:51:38,181.0,XAUUSDc,buy,out,0.78,2377.268,186.0,0,0.0,-1.79,59.96,sl 2377.237
2024.06.11 01:03:07,182.0,XAUUSDc,sell,in,0.26,2303.927,187.0,0,0.0,0.0,59.96,Range Breakout Sell
2024.06.11 12:12:02,183.0,XAUUSDc,buy,out,0.26,2310.821,188.0,0,0.0,-1.79,58.17,sl 2310.812
2024.06.12 00:54:01,184.0,XAUUSDc,sell,in,1.41,2313.492,189.0,0,0.0,0.0,58.17,Range Breakout Sell
2024.06.12 01:54:38,185.0,XAUUSDc,buy,out,1.41,2314.804,190.0,0,0.0,-1.85,56.32,sl 2314.782
2024.06.13 00:03:05,186.0,XAUUSDc,sell,in,1.38,2319.371,191.0,0,0.0,0.0,56.32,Range Breakout Sell
2024.06.13 00:24:31,187.0,XAUUSDc,buy,out,1.38,2320.778,192.0,0,0.0,-1.94,54.38,sl 2320.774
2024.06.14 00:15:02,188.0,XAUUSDc,sell,in,1.87,2301.623,193.0,0,0.0,0.0,54.38,Range Breakout Sell
2024.06.14 00:19:25,189.0,XAUUSDc,buy,out,1.87,2302.559,194.0,0,0.0,-1.75,52.63,sl 2302.526
2024.06.17 00:03:01,190.0,XAUUSDc,sell,in,0.68,2326.607,195.0,0,0.0,0.0,52.63,Range Breakout Sell
2024.06.17 01:20:39,191.0,XAUUSDc,buy,out,0.68,2328.932,196.0,0,0.0,-1.58,51.05,sl 2328.918
2024.06.18 00:03:08,192.0,XAUUSDc,buy,in,1.03,2322.547,197.0,0,0.0,0.0,51.05,Range Breakout Buy
2024.06.18 01:17:59,193.0,XAUUSDc,sell,out,1.03,2320.629,198.0,0,0.0,-1.98,49.07,sl 2320.634
2024.06.19 01:48:07,194.0,XAUUSDc,buy,in,1.91,2330.493,199.0,0,0.0,0.0,49.07,Range Breakout Buy
2024.06.19 02:06:22,195.0,XAUUSDc,sell,out,1.91,2329.468,200.0,0,0.0,-1.96,47.11,sl 2329.483
2024.06.20 01:03:05,196.0,XAUUSDc,buy,in,0.91,2331.385,201.0,0,0.0,0.0,47.11,Range Breakout Buy
2024.06.20 05:36:23,197.0,XAUUSDc,sell,out,0.91,2343.524,202.0,0,0.0,11.05,58.16,tp 2343.518
2024.06.21 00:03:09,198.0,XAUUSDc,buy,in,2.48,2361.585,203.0,0,0.0,0.0,58.16,Range Breakout Buy
2024.06.21 01:15:27,199.0,XAUUSDc,sell,out,2.48,2360.753,204.0,0,0.0,-2.06,56.1,sl 2360.764
2024.06.24 01:09:06,200.0,XAUUSDc,buy,in,0.8,2323.221,205.0,0,0.0,0.0,56.1,Range Breakout Buy
2024.06.24 02:11:39,201.0,XAUUSDc,sell,out,0.8,2321.135,206.0,0,0.0,-1.67,54.43,sl 2321.142
2024.06.25 10:09:06,202.0,XAUUSDc,buy,in,1.14,2334.689,207.0,0,0.0,0.0,54.43,Range Breakout Buy
2024.06.25 11:08:36,203.0,XAUUSDc,sell,out,1.14,2333.186,208.0,0,0.0,-1.71,52.72,sl 2333.200
2024.06.26 00:15:00,204.0,XAUUSDc,buy,in,0.54,2321.804,209.0,0,0.0,0.0,52.72,Range Breakout Buy
2024.06.26 00:36:03,205.0,XAUUSDc,sell,out,0.54,2318.675,210.0,0,0.0,-1.69,51.03,sl 2318.718
2024.06.27 00:15:02,206.0,XAUUSDc,buy,in,1.56,2299.893,211.0,0,0.0,0.0,51.03,Range Breakout Buy
2024.06.27 00:15:40,207.0,XAUUSDc,sell,out,1.56,2298.638,212.0,0,0.0,-1.96,49.07,sl 2298.656
2024.06.28 00:09:04,208.0,XAUUSDc,buy,in,2.1,2328.333,213.0,0,0.0,0.0,49.07,Range Breakout Buy
2024.06.28 00:09:36,209.0,XAUUSDc,sell,out,2.1,2327.317,214.0,0,0.0,-2.13,46.94,sl 2327.321
2024.07.02 00:03:06,210.0,XAUUSDc,buy,in,0.9,2333.858,215.0,0,0.0,0.0,46.94,Range Breakout Buy
2024.07.02 00:23:37,211.0,XAUUSDc,sell,out,0.9,2332.072,216.0,0,0.0,-1.61,45.33,sl 2332.087
2024.07.03 00:12:01,212.0,XAUUSDc,buy,in,3.04,2331.776,217.0,0,0.0,0.0,45.33,Range Breakout Buy
2024.07.03 00:17:23,213.0,XAUUSDc,sell,out,3.04,2331.111,218.0,0,0.0,-2.02,43.31,sl 2331.122
2024.07.04 01:06:07,214.0,XAUUSDc,buy,in,1.56,2359.858,219.0,0,0.0,0.0,43.31,Range Breakout Buy
2024.07.04 01:14:40,215.0,XAUUSDc,sell,out,1.56,2358.838,220.0,0,0.0,-1.59,41.72,sl 2358.852
2024.07.05 00:33:08,216.0,XAUUSDc,buy,in,0.98,2358.21,221.0,0,0.0,0.0,41.72,Range Breakout Buy
2024.07.05 12:16:35,217.0,XAUUSDc,sell,out,0.98,2368.346,222.0,0,0.0,9.93,51.65,tp 2368.323
2024.07.09 00:03:05,218.0,XAUUSDc,buy,in,1.97,2362.746,223.0,0,0.0,0.0,51.65,Range Breakout Buy
2024.07.09 00:08:00,219.0,XAUUSDc,sell,out,1.97,2361.724,224.0,0,0.0,-2.01,49.64,sl 2361.740
2024.07.15 01:15:07,220.0,XAUUSDc,sell,in,1.02,2405.164,225.0,0,0.0,0.0,49.64,Range Breakout Sell
2024.07.15 01:18:14,221.0,XAUUSDc,buy,out,1.02,2406.667,226.0,0,0.0,-1.53,48.11,sl 2406.651
2024.07.17 00:42:04,222.0,XAUUSDc,buy,in,0.45,2472.014,227.0,0,0.0,0.0,48.11,Range Breakout Buy
2024.07.17 00:59:40,223.0,XAUUSDc,sell,out,0.45,2468.533,228.0,0,0.0,-1.57,46.54,sl 2468.561
2024.07.18 00:09:01,224.0,XAUUSDc,sell,in,1.46,2457.943,229.0,0,0.0,0.0,46.54,Range Breakout Sell
2024.07.18 00:11:17,225.0,XAUUSDc,buy,out,1.46,2458.879,230.0,0,0.0,-1.37,45.17,sl 2458.864
2024.07.19 00:03:00,226.0,XAUUSDc,sell,in,0.31,2437.059,231.0,0,0.0,0.0,45.17,Range Breakout Sell
2024.07.19 12:47:39,227.0,XAUUSDc,buy,out,0.31,2402.549,232.0,0,0.0,10.7,55.87,tp 2402.553
2024.07.23 00:33:04,228.0,XAUUSDc,buy,in,2.09,2398.213,233.0,0,0.0,0.0,55.87,Range Breakout Buy
2024.07.23 03:06:28,229.0,XAUUSDc,sell,out,2.09,2397.247,234.0,0,0.0,-2.02,53.85,sl 2397.253
2024.07.26 01:03:00,230.0,XAUUSDc,sell,in,0.72,2360.378,235.0,0,0.0,0.0,53.85,Range Breakout Sell
2024.07.26 01:17:14,231.0,XAUUSDc,buy,out,0.72,2362.735,236.0,0,0.0,-1.7,52.15,sl 2362.726
2024.07.29 08:30:00,232.0,XAUUSDc,sell,in,1.17,2387.796,237.0,0,0.0,0.0,52.15,Range Breakout Sell
2024.07.29 08:39:37,233.0,XAUUSDc,buy,out,1.17,2389.147,238.0,0,0.0,-1.58,50.57,sl 2389.127
2024.07.30 03:51:06,234.0,XAUUSDc,buy,in,4.26,2385.196,239.0,0,0.0,0.0,50.57,Range Breakout Buy
2024.07.30 04:31:26,235.0,XAUUSDc,sell,out,4.26,2387.888,240.0,0,0.0,11.47,62.04,tp 2387.880
2024.08.01 02:45:07,236.0,XAUUSDc,sell,in,0.93,2444.073,241.0,0,0.0,0.0,62.04,Range Breakout Sell
2024.08.01 04:29:57,237.0,XAUUSDc,buy,out,0.93,2445.957,242.0,0,0.0,-1.75,60.29,sl 2445.957
2024.08.02 01:15:08,238.0,XAUUSDc,sell,in,0.2,2437.64,243.0,0,0.0,0.0,60.29,Range Breakout Sell
2024.08.02 01:59:04,239.0,XAUUSDc,buy,out,0.2,2446.845,244.0,0,0.0,-1.84,58.45,sl 2446.837
2024.08.05 00:03:05,240.0,XAUUSDc,sell,in,0.53,2437.523,245.0,0,0.0,0.0,58.45,Range Breakout Sell
2024.08.05 01:42:02,241.0,XAUUSDc,buy,out,0.53,2440.984,246.0,0,0.0,-1.84,56.61,sl 2440.984
2024.08.06 05:48:08,242.0,XAUUSDc,sell,in,0.81,2403.92,247.0,0,0.0,0.0,56.61,Range Breakout Sell
2024.08.06 06:26:04,243.0,XAUUSDc,buy,out,0.81,2405.924,248.0,0,0.0,-1.62,54.99,sl 2405.912
2024.08.07 00:09:12,244.0,XAUUSDc,sell,in,0.54,2381.476,249.0,0,0.0,0.0,54.99,Range Breakout Sell
2024.08.07 00:30:34,245.0,XAUUSDc,buy,out,0.54,2384.808,250.0,0,0.0,-1.8,53.19,sl 2384.795
2024.08.15 00:03:01,246.0,XAUUSDc,buy,in,8.35,2449.699,251.0,0,0.0,0.0,53.19,Range Breakout Buy
2024.08.15 00:05:17,247.0,XAUUSDc,sell,out,8.35,2449.353,252.0,0,0.0,-2.89,50.3,sl 2449.377
2024.08.21 01:12:10,248.0,XAUUSDc,buy,in,1.93,2516.561,253.0,0,0.0,0.0,50.3,Range Breakout Buy
2024.08.21 01:12:29,249.0,XAUUSDc,sell,out,1.93,2515.555,254.0,0,0.0,-1.94,48.36,sl 2515.567
2024.08.26 01:42:02,250.0,XAUUSDc,sell,in,0.95,2510.72,255.0,0,0.0,0.0,48.36,Range Breakout Sell
2024.08.26 01:46:28,251.0,XAUUSDc,buy,out,0.95,2512.318,256.0,0,0.0,-1.52,46.84,sl 2512.301
2024.08.29 00:03:18,252.0,XAUUSDc,buy,in,1.15,2509.263,257.0,0,0.0,0.0,46.84,Range Breakout Buy
2024.08.29 05:53:39,253.0,XAUUSDc,sell,out,1.15,2518.9,258.0,0,0.0,11.08,57.92,tp 2518.875
2024.08.30 00:03:08,254.0,XAUUSDc,sell,in,1.36,2518.607,259.0,0,0.0,0.0,57.92,Range Breakout Sell
2024.08.30 01:31:03,255.0,XAUUSDc,buy,out,1.36,2519.7,260.0,0,0.0,-1.49,56.43,sl 2519.687
2024.09.02 00:45:02,256.0,XAUUSDc,buy,in,1.6,2505.095,261.0,0,0.0,0.0,56.43,Range Breakout Buy
2024.09.02 00:49:36,257.0,XAUUSDc,sell,out,1.6,2503.916,262.0,0,0.0,-1.89,54.54,sl 2503.918
2024.09.03 07:21:06,258.0,XAUUSDc,buy,in,1.88,2500.106,263.0,0,0.0,0.0,54.54,Range Breakout Buy
2024.09.03 10:07:36,259.0,XAUUSDc,sell,out,1.88,2498.952,264.0,0,0.0,-2.17,52.37,sl 2498.966
2024.09.05 04:03:02,260.0,XAUUSDc,sell,in,2.64,2494.283,265.0,0,0.0,0.0,52.37,Range Breakout Sell
2024.09.05 04:06:03,261.0,XAUUSDc,buy,out,2.64,2494.935,266.0,0,0.0,-1.72,50.65,sl 2494.897
2024.09.12 01:09:05,262.0,XAUUSDc,buy,in,1.38,2514.304,267.0,0,0.0,0.0,50.65,Range Breakout Buy
2024.09.12 01:59:01,263.0,XAUUSDc,sell,out,1.38,2512.825,268.0,0,0.0,-2.04,48.61,sl 2512.843
2024.09.13 00:33:02,264.0,XAUUSDc,buy,in,1.97,2559.839,269.0,0,0.0,0.0,48.61,Range Breakout Buy
2024.09.13 00:49:28,265.0,XAUUSDc,sell,out,1.97,2558.906,270.0,0,0.0,-1.84,46.77,sl 2558.906
2024.09.16 00:09:07,266.0,XAUUSDc,buy,in,2.77,2580.86,271.0,0,0.0,0.0,46.77,Range Breakout Buy
2024.09.16 01:11:59,267.0,XAUUSDc,sell,out,2.77,2580.222,272.0,0,0.0,-1.77,45.0,sl 2580.235
2024.09.18 00:03:08,268.0,XAUUSDc,buy,in,1.81,2574.923,273.0,0,0.0,0.0,45.0,Range Breakout Buy
2024.09.18 00:05:25,269.0,XAUUSDc,sell,out,1.81,2574.01,274.0,0,0.0,-1.65,43.35,sl 2574.012
2024.09.19 01:03:04,270.0,XAUUSDc,sell,in,0.35,2555.49,275.0,0,0.0,0.0,43.35,Range Breakout Sell
2024.09.19 02:07:38,271.0,XAUUSDc,buy,out,0.35,2558.765,276.0,0,0.0,-1.15,42.2,sl 2558.754
2024.09.23 00:03:17,272.0,XAUUSDc,sell,in,1.91,2619.843,277.0,0,0.0,0.0,42.2,Range Breakout Sell
2024.09.23 00:28:35,273.0,XAUUSDc,buy,out,1.91,2620.28,278.0,0,0.0,-0.84,41.36,sl 2620.272
2024.09.24 00:03:02,274.0,XAUUSDc,sell,in,1.5,2625.484,279.0,0,0.0,0.0,41.36,Range Breakout Sell
2024.09.24 00:14:33,275.0,XAUUSDc,buy,out,1.5,2626.35,280.0,0,0.0,-1.3,40.06,sl 2626.345
2024.09.27 00:03:00,276.0,XAUUSDc,sell,in,0.87,2671.336,281.0,0,0.0,0.0,40.06,Range Breakout Sell
2024.09.27 01:27:38,277.0,XAUUSDc,buy,out,0.87,2672.728,282.0,0,0.0,-1.21,38.85,sl 2672.708
2024.09.30 00:03:08,278.0,XAUUSDc,buy,in,0.52,2665.263,283.0,0,0.0,0.0,38.85,Range Breakout Buy
2024.09.30 00:21:35,279.0,XAUUSDc,sell,out,0.52,2662.959,284.0,0,0.0,-1.2,37.65,sl 2662.981
2024.10.02 00:03:03,280.0,XAUUSDc,sell,in,1.0,2659.48,285.0,0,0.0,0.0,37.65,Range Breakout Sell
2024.10.02 01:48:36,281.0,XAUUSDc,buy,out,1.0,2660.664,286.0,0,0.0,-1.18,36.47,sl 2660.652
2024.10.03 00:09:08,282.0,XAUUSDc,buy,in,0.59,2661.791,287.0,0,0.0,0.0,36.47,Range Breakout Buy
2024.10.03 00:12:36,283.0,XAUUSDc,sell,out,0.59,2660.29,288.0,0,0.0,-0.89,35.58,sl 2660.299
2024.10.04 12:33:06,284.0,XAUUSDc,sell,in,0.05,2639.563,289.0,0,0.0,0.0,35.58,Range Breakout Sell
2024.10.04 14:52:30,285.0,XAUUSDc,buy,out,0.05,2657.625,290.0,0,0.0,-0.9,34.68,sl 2657.610
2024.10.07 00:03:02,286.0,XAUUSDc,sell,in,0.87,2649.394,291.0,0,0.0,0.0,34.68,Range Breakout Sell
2024.10.07 00:11:05,287.0,XAUUSDc,buy,out,0.87,2650.591,292.0,0,0.0,-1.04,33.64,sl 2650.584
2024.10.10 00:03:04,288.0,XAUUSDc,sell,in,0.54,2606.799,293.0,0,0.0,0.0,33.64,Range Breakout Sell
2024.10.10 00:29:27,289.0,XAUUSDc,buy,out,0.54,2608.765,294.0,0,0.0,-1.06,32.58,sl 2608.757
2024.10.14 00:03:06,290.0,XAUUSDc,sell,in,0.51,2646.246,295.0,0,0.0,0.0,32.58,Range Breakout Sell
2024.10.14 00:31:37,291.0,XAUUSDc,buy,out,0.51,2648.158,296.0,0,0.0,-0.98,31.6,sl 2648.131
2024.10.16 00:03:03,292.0,XAUUSDc,sell,in,0.94,2659.511,297.0,0,0.0,0.0,31.6,Range Breakout Sell
2024.10.16 00:21:36,293.0,XAUUSDc,buy,out,0.94,2660.52,298.0,0,0.0,-0.95,30.65,sl 2660.498
2024.10.21 00:36:04,294.0,XAUUSDc,buy,in,0.95,2725.35,299.0,0,0.0,0.0,30.65,Range Breakout Buy
2024.10.21 00:38:38,295.0,XAUUSDc,sell,out,0.95,2724.243,300.0,0,0.0,-1.05,29.6,sl 2724.248
2024.10.22 00:06:06,296.0,XAUUSDc,buy,in,0.93,2723.133,301.0,0,0.0,0.0,29.6,Range Breakout Buy
2024.10.22 02:08:40,297.0,XAUUSDc,sell,out,0.93,2730.445,302.0,0,0.0,6.8,36.4,tp 2730.431
2024.10.23 00:30:03,298.0,XAUUSDc,sell,in,1.1,2745.166,303.0,0,0.0,0.0,36.4,Range Breakout Sell
2024.10.23 00:31:35,299.0,XAUUSDc,buy,out,1.1,2746.07,304.0,0,0.0,-0.99,35.41,sl 2746.068
2024.10.25 14:15:08,300.0,XAUUSDc,buy,in,0.42,2738.06,305.0,0,0.0,0.0,35.41,Range Breakout Buy
2024.10.25 14:18:41,301.0,XAUUSDc,sell,out,0.42,2735.118,306.0,0,0.0,-1.24,34.17,sl 2735.133
2024.10.28 06:12:04,302.0,XAUUSDc,buy,in,0.71,2740.602,307.0,0,0.0,0.0,34.17,Range Breakout Buy
2024.10.28 07:24:05,303.0,XAUUSDc,sell,out,0.71,2738.982,308.0,0,0.0,-1.15,33.02,sl 2738.985
2024.10.29 00:03:14,304.0,XAUUSDc,buy,in,1.27,2744.669,309.0,0,0.0,0.0,33.02,Range Breakout Buy
2024.10.29 00:21:50,305.0,XAUUSDc,sell,out,1.27,2743.788,310.0,0,0.0,-1.12,31.9,sl 2743.799
2024.10.30 00:03:03,306.0,XAUUSDc,buy,in,1.35,2775.735,311.0,0,0.0,0.0,31.9,Range Breakout Buy
2024.10.30 01:41:39,307.0,XAUUSDc,sell,out,1.35,2781.127,312.0,0,0.0,7.28,39.18,tp 2781.123
2024.10.31 00:03:04,308.0,XAUUSDc,sell,in,1.52,2784.914,313.0,0,0.0,0.0,39.18,Range Breakout Sell
2024.10.31 00:09:56,309.0,XAUUSDc,buy,out,1.52,2785.753,314.0,0,0.0,-1.28,37.9,sl 2785.746
2024.11.01 01:33:00,310.0,XAUUSDc,buy,in,0.67,2748.099,315.0,0,0.0,0.0,37.9,Range Breakout Buy
2024.11.01 01:39:29,311.0,XAUUSDc,sell,out,0.67,2746.228,316.0,0,0.0,-1.25,36.65,sl 2746.229
2024.11.04 01:00:05,312.0,XAUUSDc,buy,in,1.18,2740.261,317.0,0,0.0,0.0,36.65,Range Breakout Buy
2024.11.04 01:02:36,313.0,XAUUSDc,sell,out,1.18,2739.446,318.0,0,0.0,-0.96,35.69,sl 2739.467
2024.11.05 00:03:06,314.0,XAUUSDc,sell,in,1.17,2735.363,319.0,0,0.0,0.0,35.69,Range Breakout Sell
2024.11.05 00:25:30,315.0,XAUUSDc,buy,out,1.17,2736.288,320.0,0,0.0,-1.08,34.61,sl 2736.270
2024.11.06 01:45:03,316.0,XAUUSDc,buy,in,0.29,2748.18,321.0,0,0.0,0.0,34.61,Range Breakout Buy
2024.11.06 02:08:36,317.0,XAUUSDc,sell,out,0.29,2744.226,322.0,0,0.0,-1.15,33.46,sl 2744.237
2024.11.07 01:12:00,318.0,XAUUSDc,sell,in,0.39,2659.571,323.0,0,0.0,0.0,33.46,Range Breakout Sell
2024.11.07 07:17:20,319.0,XAUUSDc,buy,out,0.39,2662.208,324.0,0,0.0,-1.03,32.43,sl 2662.193
2024.11.08 01:03:00,320.0,XAUUSDc,sell,in,0.24,2703.635,325.0,0,0.0,0.0,32.43,Range Breakout Sell
2024.11.11 01:03:07,321.0,XAUUSDc,sell,in,0.23,2680.665,326.0,0,0.0,0.0,32.43,Range Breakout Sell
2024.11.11 01:58:38,322.0,XAUUSDc,buy,out,0.24,2672.348,327.0,0,0.0,7.51,39.94,tp 2672.373
2024.11.11 13:33:01,323.0,XAUUSDc,buy,out,0.23,2647.705,328.0,0,0.0,7.58,47.52,tp 2647.711
2024.11.12 01:30:04,324.0,XAUUSDc,sell,in,1.09,2619.322,329.0,0,0.0,0.0,47.52,Range Breakout Sell
2024.11.12 01:30:39,325.0,XAUUSDc,buy,out,1.09,2620.642,330.0,0,0.0,-1.44,46.08,sl 2620.640
2024.11.13 15:06:07,326.0,XAUUSDc,sell,in,0.41,2596.857,331.0,0,0.0,0.0,46.08,Range Breakout Sell
2024.11.13 15:11:15,327.0,XAUUSDc,buy,out,0.41,2600.725,332.0,0,0.0,-1.59,44.49,sl 2600.722
2024.11.14 01:03:06,328.0,XAUUSDc,sell,in,0.22,2567.513,333.0,0,0.0,0.0,44.49,Range Breakout Sell
2024.11.14 15:34:40,329.0,XAUUSDc,buy,out,0.22,2572.986,334.0,0,0.0,-1.2,43.29,sl 2572.975
2024.11.15 01:45:08,330.0,XAUUSDc,sell,in,0.57,2564.594,335.0,0,0.0,0.0,43.29,Range Breakout Sell
2024.11.15 02:02:41,331.0,XAUUSDc,buy,out,0.57,2567.069,336.0,0,0.0,-1.41,41.88,sl 2567.046
2024.11.18 00:54:07,332.0,XAUUSDc,buy,in,0.43,2577.24,337.0,0,0.0,0.0,41.88,Range Breakout Buy
2024.11.18 13:30:37,333.0,XAUUSDc,sell,out,0.43,2600.075,338.0,0,0.0,9.82,51.7,tp 2600.057
2024.11.20 00:09:06,334.0,XAUUSDc,buy,in,2.37,2635.904,339.0,0,0.0,0.0,51.7,Range Breakout Buy
2024.11.20 01:01:39,335.0,XAUUSDc,sell,out,2.37,2640.911,340.0,0,0.0,11.87,63.57,tp 2640.909
2024.11.22 00:06:06,336.0,XAUUSDc,buy,in,2.9,2670.121,341.0,0,0.0,0.0,63.57,Range Breakout Buy
2024.11.22 01:00:29,337.0,XAUUSDc,sell,out,2.9,2675.312,342.0,0,0.0,15.05,78.62,tp 2675.310
2024.11.25 01:00:03,338.0,XAUUSDc,sell,in,2.86,2710.868,343.0,0,0.0,0.0,78.62,Range Breakout Sell
2024.11.25 01:03:42,339.0,XAUUSDc,buy,out,2.86,2704.044,344.0,0,0.0,19.52,98.14,tp 2704.052
2024.11.27 00:18:06,340.0,XAUUSDc,sell,in,2.96,2630.273,345.0,0,0.0,0.0,98.14,Range Breakout Sell
2024.11.27 01:21:35,341.0,XAUUSDc,buy,out,2.96,2631.108,346.0,0,0.0,-2.47,95.67,sl 2631.105
2024.11.28 00:15:10,342.0,XAUUSDc,sell,in,6.75,2636.189,347.0,0,0.0,0.0,95.67,Range Breakout Sell
2024.11.28 00:15:26,343.0,XAUUSDc,buy,out,6.75,2636.539,348.0,0,0.0,-2.36,93.31,sl 2636.526
2024.11.29 00:09:08,344.0,XAUUSDc,sell,in,2.91,2636.803,349.0,0,0.0,0.0,93.31,Range Breakout Sell
2024.11.29 00:30:30,345.0,XAUUSDc,buy,out,2.91,2637.985,350.0,0,0.0,-3.44,89.87,sl 2637.978
2024.12.02 00:36:01,346.0,XAUUSDc,sell,in,0.67,2640.379,351.0,0,0.0,0.0,89.87,Range Breakout Sell
2024.12.02 11:35:21,347.0,XAUUSDc,buy,out,0.67,2644.437,352.0,0,0.0,-2.72,87.15,sl 2644.436
2024.12.03 01:30:04,348.0,XAUUSDc,sell,in,1.14,2638.072,353.0,0,0.0,0.0,87.15,Range Breakout Sell
2024.12.03 01:34:16,349.0,XAUUSDc,buy,out,1.14,2640.287,354.0,0,0.0,-2.53,84.62,sl 2640.279
2024.12.04 00:06:04,350.0,XAUUSDc,buy,in,5.51,2643.547,355.0,0,0.0,0.0,84.62,Range Breakout Buy
2024.12.04 00:12:28,351.0,XAUUSDc,sell,out,5.51,2642.82,356.0,0,0.0,-4.01,80.61,sl 2642.827
2024.12.05 05:36:04,352.0,XAUUSDc,buy,in,1.38,2652.108,357.0,0,0.0,0.0,80.61,Range Breakout Buy
2024.12.05 06:23:52,353.0,XAUUSDc,sell,out,1.38,2650.003,358.0,0,0.0,-2.91,77.7,sl 2650.007
2024.12.10 00:03:18,354.0,XAUUSDc,sell,in,1.46,2659.246,359.0,0,0.0,0.0,77.7,Range Breakout Sell
2024.12.10 00:30:26,355.0,XAUUSDc,buy,out,1.46,2660.754,360.0,0,0.0,-2.2,75.5,sl 2660.744
2024.12.12 01:18:15,356.0,XAUUSDc,sell,in,0.85,2714.971,361.0,0,0.0,0.0,75.5,Range Breakout Sell
2024.12.12 06:58:29,357.0,XAUUSDc,buy,out,0.85,2718.245,362.0,0,0.0,-2.78,72.72,sl 2718.237
2024.12.13 00:03:06,358.0,XAUUSDc,sell,in,2.15,2679.629,363.0,0,0.0,0.0,72.72,Range Breakout Sell
2024.12.13 00:13:24,359.0,XAUUSDc,buy,out,2.15,2680.71,364.0,0,0.0,-2.33,70.39,sl 2680.661
2024.12.17 00:15:14,360.0,XAUUSDc,sell,in,2.62,2651.328,365.0,0,0.0,0.0,70.39,Range Breakout Sell
2024.12.17 00:21:42,361.0,XAUUSDc,buy,out,2.62,2652.185,366.0,0,0.0,-2.25,68.14,sl 2652.181
2024.12.18 00:09:07,362.0,XAUUSDc,buy,in,2.1,2648.471,367.0,0,0.0,0.0,68.14,Range Breakout Buy
2024.12.18 00:19:35,363.0,XAUUSDc,sell,out,2.1,2647.151,368.0,0,0.0,-2.77,65.37,sl 2647.162
2024.12.19 00:30:06,364.0,XAUUSDc,buy,in,0.88,2593.427,369.0,0,0.0,0.0,65.37,Range Breakout Buy
2024.12.19 01:38:43,365.0,XAUUSDc,sell,out,0.88,2611.045,370.0,0,0.0,15.5,80.87,tp 2611.044
2024.12.20 01:09:04,366.0,XAUUSDc,buy,in,0.61,2596.076,371.0,0,0.0,0.0,80.87,Range Breakout Buy
2024.12.20 15:31:40,367.0,XAUUSDc,sell,out,0.61,2627.533,372.0,0,0.0,19.19,100.06,tp 2627.525
2024.12.23 00:36:04,368.0,XAUUSDc,sell,in,2.07,2620.688,373.0,0,0.0,0.0,100.06,Range Breakout Sell
2024.12.23 00:46:39,369.0,XAUUSDc,buy,out,2.07,2622.157,374.0,0,0.0,-3.04,97.02,sl 2622.061
2024.12.27 03:36:11,370.0,XAUUSDc,buy,in,2.27,2635.51,375.0,0,0.0,0.0,97.02,Range Breakout Buy
2024.12.27 03:40:27,371.0,XAUUSDc,sell,out,2.27,2633.932,376.0,0,0.0,-3.58,93.44,sl 2633.937
2025.01.03 00:03:08,372.0,XAUUSDc,buy,in,2.0,2660.036,377.0,0,0.0,0.0,93.44,Range Breakout Buy
2025.01.03 01:24:13,373.0,XAUUSDc,sell,out,2.0,2658.368,378.0,0,0.0,-3.34,90.1,sl 2658.368
2025.01.06 00:15:02,374.0,XAUUSDc,sell,in,3.45,2639.145,379.0,0,0.0,0.0,90.1,Range Breakout Sell
2025.01.06 00:16:28,375.0,XAUUSDc,buy,out,3.45,2639.97,380.0,0,0.0,-2.85,87.25,sl 2639.970
2025.01.07 01:03:04,376.0,XAUUSDc,buy,in,1.1,2637.278,381.0,0,0.0,0.0,87.25,Range Breakout Buy
2025.01.07 13:17:04,377.0,XAUUSDc,sell,out,1.1,2656.077,382.0,0,0.0,20.68,107.93,tp 2656.058
2025.01.08 00:21:08,378.0,XAUUSDc,buy,in,7.42,2650.677,383.0,0,0.0,0.0,107.93,Range Breakout Buy
2025.01.08 01:00:30,379.0,XAUUSDc,sell,out,7.42,2649.985,384.0,0,0.0,-5.13,102.8,sl 2650.003
2025.01.09 00:06:18,380.0,XAUUSDc,sell,in,3.44,2661.485,385.0,0,0.0,0.0,102.8,Range Breakout Sell
2025.01.09 06:36:27,381.0,XAUUSDc,buy,out,3.44,2662.487,386.0,0,0.0,-3.45,99.35,sl 2662.473
2025.01.10 13:33:08,382.0,XAUUSDc,sell,in,0.29,2666.405,387.0,0,0.0,0.0,99.35,Range Breakout Sell
2025.01.10 13:45:42,383.0,XAUUSDc,buy,out,0.29,2677.453,388.0,0,0.0,-3.2,96.15,sl 2677.453
2025.01.13 00:03:07,384.0,XAUUSDc,buy,in,3.86,2691.494,389.0,0,0.0,0.0,96.15,Range Breakout Buy
2025.01.13 00:20:31,385.0,XAUUSDc,sell,out,3.86,2690.617,390.0,0,0.0,-3.39,92.76,sl 2690.619
2025.01.14 13:39:01,386.0,XAUUSDc,sell,in,0.4,2661.664,391.0,0,0.0,0.0,92.76,Range Breakout Sell
2025.01.14 13:47:36,387.0,XAUUSDc,buy,out,0.4,2668.261,392.0,0,0.0,-2.64,90.12,sl 2668.256
2025.01.16 00:03:01,388.0,XAUUSDc,sell,in,1.56,2693.96,393.0,0,0.0,0.0,90.12,Range Breakout Sell
2025.01.16 00:16:28,389.0,XAUUSDc,buy,out,1.56,2695.65,394.0,0,0.0,-2.64,87.48,sl 2695.621
2025.01.17 01:03:02,390.0,XAUUSDc,sell,in,0.78,2711.648,395.0,0,0.0,0.0,87.48,Range Breakout Sell
2025.01.17 01:54:14,391.0,XAUUSDc,buy,out,0.78,2714.855,396.0,0,0.0,-2.5,84.98,sl 2714.855
2025.01.20 01:03:03,392.0,XAUUSDc,sell,in,0.83,2691.657,397.0,0,0.0,0.0,84.98,Range Breakout Sell
2025.01.20 01:32:20,393.0,XAUUSDc,buy,out,0.83,2694.446,398.0,0,0.0,-2.32,82.66,sl 2694.441
2025.01.21 00:09:07,394.0,XAUUSDc,buy,in,2.89,2711.268,399.0,0,0.0,0.0,82.66,Range Breakout Buy
2025.01.21 00:15:36,395.0,XAUUSDc,sell,out,2.89,2710.223,400.0,0,0.0,-3.02,79.64,sl 2710.246
2025.01.27 01:00:08,396.0,XAUUSDc,buy,in,2.61,2769.526,401.0,0,0.0,0.0,79.64,Range Breakout Buy
2025.01.27 01:25:36,397.0,XAUUSDc,sell,out,2.61,2768.796,402.0,0,0.0,-1.91,77.73,sl 2768.807
2025.01.28 13:00:03,398.0,XAUUSDc,buy,in,2.03,2745.909,403.0,0,0.0,0.0,77.73,Range Breakout Buy
2025.01.28 14:30:32,399.0,XAUUSDc,sell,out,2.03,2754.706,404.0,0,0.0,17.86,95.59,tp 2754.698
2025.01.29 00:03:04,400.0,XAUUSDc,sell,in,10.66,2762.385,405.0,0,0.0,0.0,95.59,Range Breakout Sell
2025.01.29 00:03:23,401.0,XAUUSDc,buy,out,10.66,2762.728,406.0,0,0.0,-3.66,91.93,sl 2762.707
2025.01.30 00:30:02,402.0,XAUUSDc,buy,in,2.84,2761.311,407.0,0,0.0,0.0,91.93,Range Breakout Buy
2025.01.30 01:04:41,403.0,XAUUSDc,sell,out,2.84,2760.168,408.0,0,0.0,-3.25,88.68,sl 2760.171
2025.01.31 00:06:08,404.0,XAUUSDc,buy,in,1.02,2798.379,409.0,0,0.0,0.0,88.68,Range Breakout Buy
2025.01.31 00:34:40,405.0,XAUUSDc,sell,out,1.02,2795.933,410.0,0,0.0,-2.5,86.18,sl 2795.936
2025.02.03 01:12:07,406.0,XAUUSDc,sell,in,0.87,2783.124,411.0,0,0.0,0.0,86.18,Range Breakout Sell
2025.02.03 01:13:41,407.0,XAUUSDc,buy,out,0.87,2786.057,412.0,0,0.0,-2.55,83.63,sl 2786.037
2025.02.04 00:33:07,408.0,XAUUSDc,buy,in,2.55,2815.679,413.0,0,0.0,0.0,83.63,Range Breakout Buy
2025.02.04 01:45:59,409.0,XAUUSDc,sell,out,2.55,2823.53,414.0,0,0.0,20.02,103.65,tp 2823.523
2025.02.05 00:30:05,410.0,XAUUSDc,buy,in,2.86,2842.961,415.0,0,0.0,0.0,103.65,Range Breakout Buy
2025.02.05 01:31:42,411.0,XAUUSDc,sell,out,2.86,2841.765,416.0,0,0.0,-3.42,100.23,sl 2841.766
2025.02.06 01:09:03,412.0,XAUUSDc,sell,in,1.41,2865.396,417.0,0,0.0,0.0,100.23,Range Breakout Sell
2025.02.06 01:19:39,413.0,XAUUSDc,buy,out,1.41,2867.402,418.0,0,0.0,-2.83,97.4,sl 2867.386
2025.02.07 00:03:01,414.0,XAUUSDc,buy,in,2.95,2859.07,419.0,0,0.0,0.0,97.4,Range Breakout Buy
2025.02.07 01:00:04,415.0,XAUUSDc,sell,out,2.95,2857.989,420.0,0,0.0,-3.19,94.21,sl 2857.990
2025.02.10 01:03:06,416.0,XAUUSDc,buy,in,0.69,2871.708,421.0,0,0.0,0.0,94.21,Range Breakout Buy
2025.02.10 01:30:30,417.0,XAUUSDc,sell,out,0.69,2867.786,422.0,0,0.0,-2.71,91.5,sl 2867.786
2025.02.11 00:51:03,418.0,XAUUSDc,buy,in,1.71,2921.801,423.0,0,0.0,0.0,91.5,Range Breakout Buy
2025.02.11 01:05:04,419.0,XAUUSDc,sell,out,1.71,2920.18,424.0,0,0.0,-2.77,88.73,sl 2920.189
2025.02.12 00:06:04,420.0,XAUUSDc,sell,in,1.25,2895.976,425.0,0,0.0,0.0,88.73,Range Breakout Sell
2025.02.12 00:14:14,421.0,XAUUSDc,buy,out,1.25,2898.108,426.0,0,0.0,-2.67,86.06,sl 2898.075
2025.02.13 00:06:06,422.0,XAUUSDc,buy,in,2.59,2907.017,427.0,0,0.0,0.0,86.06,Range Breakout Buy
2025.02.13 00:21:48,423.0,XAUUSDc,sell,out,2.59,2905.878,428.0,0,0.0,-2.95,83.11,sl 2905.878
2025.02.14 01:12:00,424.0,XAUUSDc,buy,in,1.74,2933.159,429.0,0,0.0,0.0,83.11,Range Breakout Buy
2025.02.14 01:14:40,425.0,XAUUSDc,sell,out,1.74,2931.6,430.0,0,0.0,-2.71,80.4,sl 2931.603
2025.02.18 01:09:07,426.0,XAUUSDc,sell,in,2.51,2897.007,431.0,0,0.0,0.0,80.4,Range Breakout Sell
2025.02.18 01:15:22,427.0,XAUUSDc,buy,out,2.51,2897.777,432.0,0,0.0,-1.93,78.47,sl 2897.752
2025.02.19 00:03:02,428.0,XAUUSDc,sell,in,2.39,2933.145,433.0,0,0.0,0.0,78.47,Range Breakout Sell
2025.02.19 00:05:30,429.0,XAUUSDc,buy,out,2.39,2934.104,434.0,0,0.0,-2.29,76.18,sl 2934.059
2025.02.20 00:03:05,430.0,XAUUSDc,buy,in,1.22,2937.684,435.0,0,0.0,0.0,76.18,Range Breakout Buy
2025.02.20 01:35:37,431.0,XAUUSDc,sell,out,1.22,2935.362,436.0,0,0.0,-2.83,73.35,sl 2935.386
2025.02.21 00:27:05,432.0,XAUUSDc,sell,in,1.18,2938.632,437.0,0,0.0,0.0,73.35,Range Breakout Sell
2025.02.21 00:49:38,433.0,XAUUSDc,buy,out,1.18,2940.331,438.0,0,0.0,-2.01,71.34,sl 2940.311
2025.02.26 00:03:00,434.0,XAUUSDc,buy,in,1.29,2920.433,439.0,0,0.0,0.0,71.34,Range Breakout Buy
2025.02.26 01:56:38,435.0,XAUUSDc,sell,out,1.29,2918.613,440.0,0,0.0,-2.35,68.99,sl 2918.631
2025.02.27 01:09:13,436.0,XAUUSDc,sell,in,1.78,2915.255,441.0,0,0.0,0.0,68.99,Range Breakout Sell
2025.02.27 01:34:58,437.0,XAUUSDc,buy,out,1.78,2916.272,442.0,0,0.0,-1.81,67.18,sl 2916.264
2025.02.28 01:57:15,438.0,XAUUSDc,sell,in,0.79,2873.938,443.0,0,0.0,0.0,67.18,Range Breakout Sell
2025.02.28 02:22:13,439.0,XAUUSDc,buy,out,0.79,2876.523,444.0,0,0.0,-2.04,65.14,sl 2876.518
2025.03.03 03:12:05,440.0,XAUUSDc,sell,in,1.0,2862.586,445.0,0,0.0,0.0,65.14,Range Breakout Sell
2025.03.03 03:36:03,441.0,XAUUSDc,buy,out,1.0,2864.749,446.0,0,0.0,-2.16,62.98,sl 2864.737
2025.03.05 00:03:03,442.0,XAUUSDc,sell,in,0.86,2912.597,447.0,0,0.0,0.0,62.98,Range Breakout Sell
2025.03.05 00:10:19,443.0,XAUUSDc,buy,out,0.86,2914.527,448.0,0,0.0,-1.66,61.32,sl 2914.505
2025.03.06 00:06:07,444.0,XAUUSDc,buy,in,7.35,2919.321,449.0,0,0.0,0.0,61.32,Range Breakout Buy
2025.03.06 00:06:38,445.0,XAUUSDc,sell,out,7.35,2918.799,450.0,0,0.0,-3.84,57.48,sl 2918.806
2025.03.10 00:09:08,446.0,XAUUSDc,buy,in,2.04,2917.396,451.0,0,0.0,0.0,57.48,Range Breakout Buy
2025.03.10 00:13:39,447.0,XAUUSDc,sell,out,2.04,2916.448,452.0,0,0.0,-1.93,55.55,sl 2916.461
2025.03.17 09:39:06,448.0,XAUUSDc,buy,in,1.29,2994.391,453.0,0,0.0,0.0,55.55,Range Breakout Buy
2025.03.17 12:08:31,449.0,XAUUSDc,sell,out,1.29,2992.914,454.0,0,0.0,-1.91,53.64,sl 2992.937
2025.03.19 00:03:01,450.0,XAUUSDc,sell,in,5.27,3031.473,455.0,0,0.0,0.0,53.64,Range Breakout Sell
2025.03.19 00:03:35,451.0,XAUUSDc,buy,out,5.27,3031.819,456.0,0,0.0,-1.82,51.82,sl 3031.808
2025.03.20 00:03:01,452.0,XAUUSDc,buy,in,1.1,3051.577,457.0,0,0.0,0.0,51.82,Range Breakout Buy
2025.03.20 01:59:29,453.0,XAUUSDc,sell,out,1.1,3050.016,458.0,0,0.0,-1.72,50.1,sl 3050.023
2025.03.21 00:03:06,454.0,XAUUSDc,buy,in,3.19,3046.892,459.0,0,0.0,0.0,50.1,Range Breakout Buy
2025.03.21 00:05:16,455.0,XAUUSDc,sell,out,3.19,3046.315,460.0,0,0.0,-1.84,48.26,sl 3046.335
2025.03.25 00:51:01,456.0,XAUUSDc,buy,in,1.16,3012.798,461.0,0,0.0,0.0,48.26,Range Breakout Buy
2025.03.25 01:20:38,457.0,XAUUSDc,sell,out,1.16,3011.344,462.0,0,0.0,-1.69,46.57,sl 3011.375
2025.03.26 00:36:06,458.0,XAUUSDc,sell,in,1.09,3019.53,463.0,0,0.0,0.0,46.57,Range Breakout Sell
2025.03.26 01:35:39,459.0,XAUUSDc,buy,out,1.09,3020.927,464.0,0,0.0,-1.52,45.05,sl 3020.912
2025.03.27 00:03:16,460.0,XAUUSDc,buy,in,1.27,3022.694,465.0,0,0.0,0.0,45.05,Range Breakout Buy
2025.03.27 02:42:45,461.0,XAUUSDc,sell,out,1.27,3031.05,466.0,0,0.0,10.61,55.66,tp 3031.044
2025.03.28 00:06:00,462.0,XAUUSDc,buy,in,0.95,3058.306,467.0,0,0.0,0.0,55.66,Range Breakout Buy
2025.03.28 01:48:41,463.0,XAUUSDc,sell,out,0.95,3072.169,468.0,0,0.0,13.17,68.83,tp 3072.164
2025.03.31 00:03:08,464.0,XAUUSDc,sell,in,0.84,3087.353,469.0,0,0.0,0.0,68.83,Range Breakout Sell
2025.03.31 01:26:20,465.0,XAUUSDc,buy,out,0.84,3089.739,470.0,0,0.0,-2.0,66.83,sl 3089.729
2025.04.01 00:45:06,466.0,XAUUSDc,buy,in,1.58,3126.743,471.0,0,0.0,0.0,66.83,Range Breakout Buy
2025.04.01 01:46:00,467.0,XAUUSDc,sell,out,1.58,3136.565,472.0,0,0.0,15.52,82.35,tp 3136.563
2025.04.02 00:24:08,468.0,XAUUSDc,buy,in,0.49,3120.856,473.0,0,0.0,0.0,82.35,Range Breakout Buy
2025.04.02 05:00:37,469.0,XAUUSDc,sell,out,0.49,3115.405,474.0,0,0.0,-2.67,79.68,sl 3115.411
2025.04.03 06:30:04,470.0,XAUUSDc,sell,in,0.4,3121.451,475.0,0,0.0,0.0,79.68,Range Breakout Sell
2025.04.03 06:48:30,471.0,XAUUSDc,buy,out,0.4,3128.364,476.0,0,0.0,-2.77,76.91,sl 3128.357
2025.04.04 00:30:03,472.0,XAUUSDc,sell,in,0.94,3108.955,477.0,0,0.0,0.0,76.91,Range Breakout Sell
2025.04.04 00:52:37,473.0,XAUUSDc,buy,out,0.94,3111.669,478.0,0,0.0,-2.55,74.36,sl 3111.653
2025.04.08 00:27:05,474.0,XAUUSDc,buy,in,1.7,2988.965,479.0,0,0.0,0.0,74.36,Range Breakout Buy
2025.04.08 00:52:40,475.0,XAUUSDc,sell,out,1.7,2987.605,480.0,0,0.0,-2.31,72.05,sl 2987.614
2025.04.11 00:21:05,476.0,XAUUSDc,buy,in,0.71,3192.922,481.0,0,0.0,0.0,72.05,Range Breakout Buy
2025.04.11 00:43:38,477.0,XAUUSDc,sell,out,0.71,3215.807,482.0,0,0.0,16.25,88.3,tp 3215.789
2025.04.15 01:09:04,478.0,XAUUSDc,buy,in,0.83,3215.251,483.0,0,0.0,0.0,88.3,Range Breakout Buy
2025.04.15 13:53:41,479.0,XAUUSDc,sell,out,0.83,3212.152,484.0,0,0.0,-2.57,85.73,sl 3212.174
2025.04.16 00:03:02,480.0,XAUUSDc,buy,in,0.29,3260.848,485.0,0,0.0,0.0,85.73,Range Breakout Buy
2025.04.16 16:24:26,481.0,XAUUSDc,sell,out,0.29,3330.605,486.0,0,0.0,20.23,105.96,tp 3330.592
2025.04.17 00:45:02,482.0,XAUUSDc,sell,in,1.13,3342.715,487.0,0,0.0,0.0,105.96,Range Breakout Sell
2025.04.17 00:47:30,483.0,XAUUSDc,buy,out,1.13,3345.639,488.0,0,0.0,-3.3,102.66,sl 3345.616
2025.04.22 00:06:02,484.0,XAUUSDc,sell,in,0.29,3416.529,489.0,0,0.0,0.0,102.66,Range Breakout Sell
2025.04.22 00:20:28,485.0,XAUUSDc,buy,out,0.29,3427.156,490.0,0,0.0,-3.08,99.58,sl 3427.126
2025.04.23 00:30:02,486.0,XAUUSDc,buy,in,0.54,3350.938,491.0,0,0.0,0.0,99.58,Range Breakout Buy
2025.04.23 03:04:38,487.0,XAUUSDc,sell,out,0.54,3345.407,492.0,0,0.0,-2.99,96.59,sl 3345.409
2025.04.25 01:51:07,488.0,XAUUSDc,sell,in,0.77,3346.032,493.0,0,0.0,0.0,96.59,Range Breakout Sell
2025.04.25 02:03:14,489.0,XAUUSDc,buy,out,0.77,3349.283,494.0,0,0.0,-2.5,94.09,sl 3349.269
2025.04.29 00:30:02,490.0,XAUUSDc,sell,in,1.42,3331.809,495.0,0,0.0,0.0,94.09,Range Breakout Sell
2025.04.29 00:37:14,491.0,XAUUSDc,buy,out,1.42,3333.887,496.0,0,0.0,-2.95,91.14,sl 3333.858
2025.04.30 00:09:05,492.0,XAUUSDc,buy,in,0.96,3324.179,497.0,0,0.0,0.0,91.14,Range Breakout Buy
2025.04.30 00:15:42,493.0,XAUUSDc,sell,out,0.96,3321.141,498.0,0,0.0,-2.92,88.22,sl 3321.151
2025.05.05 01:06:00,494.0,XAUUSDc,buy,in,0.61,3254.151,499.0,0,0.0,0.0,88.22,Range Breakout Buy
2025.05.05 09:04:41,495.0,XAUUSDc,sell,out,0.61,3288.349,500.0,0,0.0,20.86,109.08,tp 3288.348
2025.05.06 01:03:14,496.0,XAUUSDc,buy,in,0.17,3347.088,501.0,0,0.0,0.0,109.08,Range Breakout Buy
2025.05.08 00:15:04,497.0,XAUUSDc,buy,in,1.03,3378.565,502.0,0,0.0,0.0,109.08,Range Breakout Buy
2025.05.08 01:52:31,498.0,XAUUSDc,sell,out,1.03,3403.842,503.0,0,0.0,26.04,135.12,tp 3403.838
2025.05.08 06:33:32,499.0,XAUUSDc,sell,out,0.17,3329.614,504.0,0,-0.39,-2.97,131.76,sl 3329.618
2025.05.12 01:15:07,500.0,XAUUSDc,sell,in,0.82,3259.787,505.0,0,0.0,0.0,131.76,Range Breakout Sell
2025.05.12 01:22:55,501.0,XAUUSDc,buy,out,0.82,3266.686,506.0,0,0.0,-5.66,126.1,sl 3266.682
2025.05.13 00:09:07,502.0,XAUUSDc,buy,in,0.98,3242.72,507.0,0,0.0,0.0,126.1,Range Breakout Buy
2025.05.13 00:21:58,503.0,XAUUSDc,sell,out,0.98,3238.969,508.0,0,0.0,-3.68,122.42,sl 3238.993
2025.05.14 00:03:07,504.0,XAUUSDc,sell,in,0.54,3247.771,509.0,0,0.0,0.0,122.42,Range Breakout Sell
2025.05.14 12:46:33,505.0,XAUUSDc,buy,out,0.54,3194.201,510.0,0,0.0,28.93,151.35,tp 3194.214
2025.05.15 01:45:02,506.0,XAUUSDc,sell,in,0.86,3177.847,511.0,0,0.0,0.0,151.35,Range Breakout Sell
2025.05.15 04:54:41,507.0,XAUUSDc,buy,out,0.86,3135.927,512.0,0,0.0,36.05,187.4,tp 3135.939
2025.05.19 00:12:00,508.0,XAUUSDc,buy,in,0.93,3247.371,513.0,0,0.0,0.0,187.4,Range Breakout Buy
2025.05.19 00:53:42,509.0,XAUUSDc,sell,out,0.93,3241.18,514.0,0,0.0,-5.76,181.64,sl 3241.201
2025.05.20 00:21:15,510.0,XAUUSDc,sell,in,6.08,3218.923,515.0,0,0.0,0.0,181.64,Range Breakout Sell
2025.05.20 00:29:05,511.0,XAUUSDc,buy,out,6.08,3219.972,516.0,0,0.0,-6.38,175.26,sl 3219.958
2025.05.22 08:33:06,512.0,XAUUSDc,sell,in,1.09,3314.393,517.0,0,0.0,0.0,175.26,Range Breakout Sell
2025.05.23 00:06:01,513.0,XAUUSDc,sell,in,1.88,3293.701,518.0,0,0.0,0.0,175.26,Range Breakout Sell
2025.05.23 00:07:30,514.0,XAUUSDc,buy,out,1.88,3296.485,519.0,0,0.0,-5.23,170.03,sl 3296.442
2025.05.23 05:15:41,515.0,XAUUSDc,buy,out,1.09,3318.737,520.0,0,0.0,-4.74,165.29,sl 3318.722
2025.05.26 00:12:00,516.0,XAUUSDc,sell,in,1.07,3337.395,521.0,0,0.0,0.0,165.29,Range Breakout Sell
2025.05.26 00:59:28,517.0,XAUUSDc,buy,out,1.07,3342.029,522.0,0,0.0,-4.96,160.33,sl 3342.024
2025.05.27 00:15:00,518.0,XAUUSDc,buy,in,1.83,3349.605,523.0,0,0.0,0.0,160.33,Range Breakout Buy
2025.05.27 00:19:16,519.0,XAUUSDc,sell,out,1.83,3346.785,524.0,0,0.0,-5.16,155.17,sl 3346.795
2025.05.28 03:21:00,520.0,XAUUSDc,sell,in,0.65,3295.013,525.0,0,0.0,0.0,155.17,Range Breakout Sell
2025.05.28 05:07:36,521.0,XAUUSDc,buy,out,0.65,3302.056,526.0,0,0.0,-4.58,150.59,sl 3302.037
2025.05.29 10:21:11,522.0,XAUUSDc,buy,in,1.1,3296.213,527.0,0,0.0,0.0,150.59,Range Breakout Buy
2025.05.29 16:14:43,523.0,XAUUSDc,sell,out,1.1,3328.635,528.0,0,0.0,35.67,186.26,tp 3328.605
2025.06.02 04:57:06,524.0,XAUUSDc,buy,in,2.61,3318.076,529.0,0,0.0,0.0,186.26,Range Breakout Buy
2025.06.02 04:58:57,525.0,XAUUSDc,sell,out,2.61,3314.787,530.0,0,0.0,-8.58,177.68,sl 3314.787
2025.06.03 00:06:03,526.0,XAUUSDc,sell,in,1.28,3381.902,531.0,0,0.0,0.0,177.68,Range Breakout Sell
2025.06.03 13:46:00,527.0,XAUUSDc,buy,out,1.28,3348.791,532.0,0,0.0,42.38,220.06,tp 3348.811
2025.06.09 00:18:04,528.0,XAUUSDc,sell,in,1.89,3307.759,533.0,0,0.0,0.0,220.06,Range Breakout Sell
2025.06.09 00:34:31,529.0,XAUUSDc,buy,out,1.89,3311.784,534.0,0,0.0,-7.61,212.45,sl 3311.782
2025.06.10 06:33:07,530.0,XAUUSDc,buy,in,2.43,3327.943,535.0,0,0.0,0.0,212.45,Range Breakout Buy
2025.06.10 06:59:58,531.0,XAUUSDc,sell,out,2.43,3325.417,536.0,0,0.0,-6.14,206.31,sl 3325.421
2025.06.12 07:39:07,532.0,XAUUSDc,sell,in,0.91,3353.481,537.0,0,0.0,0.0,206.31,Range Breakout Sell
2025.06.12 08:28:42,533.0,XAUUSDc,buy,out,0.91,3360.312,538.0,0,0.0,-6.22,200.09,sl 3360.299
2025.06.13 00:03:03,534.0,XAUUSDc,buy,in,0.69,3400.899,539.0,0,0.0,0.0,200.09,Range Breakout Buy
2025.06.16 13:54:40,535.0,XAUUSDc,sell,out,0.69,3391.692,540.0,0,-0.39,-6.35,193.35,sl 3391.695
2025.06.18 04:33:06,536.0,XAUUSDc,buy,in,3.3,3396.705,541.0,0,0.0,0.0,193.35,Range Breakout Buy
2025.06.18 04:34:39,537.0,XAUUSDc,sell,out,3.3,3394.495,542.0,0,0.0,-7.29,186.06,sl 3394.516
2025.06.20 01:12:08,538.0,XAUUSDc,sell,in,1.48,3360.127,543.0,0,0.0,0.0,186.06,Range Breakout Sell
2025.06.20 01:47:34,539.0,XAUUSDc,buy,out,1.48,3364.313,544.0,0,0.0,-6.2,179.86,sl 3364.301
2025.06.23 00:06:07,540.0,XAUUSDc,sell,in,2.16,3370.233,545.0,0,0.0,0.0,179.86,Range Breakout Sell
2025.06.23 05:35:26,541.0,XAUUSDc,buy,out,2.16,3350.507,546.0,0,0.0,42.61,222.47,tp 3350.509
2025.06.24 00:03:08,542.0,XAUUSDc,sell,in,0.86,3337.628,547.0,0,0.0,0.0,222.47,Range Breakout Sell
2025.06.24 00:15:03,543.0,XAUUSDc,buy,out,0.86,3345.224,548.0,0,0.0,-6.53,215.94,sl 3345.218
2025.06.25 12:45:03,544.0,XAUUSDc,sell,in,1.84,3319.774,549.0,0,0.0,0.0,215.94,Range Breakout Sell
2025.06.25 14:30:41,545.0,XAUUSDc,buy,out,1.84,3323.309,550.0,0,0.0,-6.51,209.43,sl 3323.306
2025.06.27 00:06:08,546.0,XAUUSDc,sell,in,5.57,3315.266,551.0,0,0.0,0.0,209.43,Range Breakout Sell
2025.06.27 00:08:27,547.0,XAUUSDc,buy,out,5.57,3316.985,552.0,0,0.0,-9.57,199.86,sl 3316.969
2025.06.30 01:27:12,548.0,XAUUSDc,buy,in,1.59,3275.965,553.0,0,0.0,0.0,199.86,Range Breakout Buy
2025.06.30 01:36:40,549.0,XAUUSDc,sell,out,1.59,3271.829,554.0,0,0.0,-6.58,193.28,sl 3271.853
2025.07.01 01:00:09,550.0,XAUUSDc,buy,in,4.48,3314.368,555.0,0,0.0,0.0,193.28,Range Breakout Buy
2025.07.01 05:03:37,551.0,XAUUSDc,sell,out,4.48,3325.076,556.0,0,0.0,47.97,241.25,tp 3325.066
2025.07.02 00:06:01,552.0,XAUUSDc,sell,in,11.73,3336.535,557.0,0,0.0,0.0,241.25,Range Breakout Sell
2025.07.02 00:06:17,553.0,XAUUSDc,buy,out,11.73,3337.124,558.0,0,0.0,-6.91,234.34,sl 3337.114
2025.07.03 00:03:07,554.0,XAUUSDc,sell,in,2.07,3346.043,559.0,0,0.0,0.0,234.34,Range Breakout Sell
2025.07.03 02:49:36,555.0,XAUUSDc,buy,out,2.07,3349.924,560.0,0,0.0,-8.03,226.31,sl 3349.895
2025.07.04 01:21:06,556.0,XAUUSDc,buy,in,3.46,3332.383,561.0,0,0.0,0.0,226.31,Range Breakout Buy
2025.07.04 01:35:14,557.0,XAUUSDc,sell,out,3.46,3330.31,562.0,0,0.0,-7.17,219.14,sl 3330.332
2025.07.08 00:03:03,558.0,XAUUSDc,sell,in,3.22,3333.386,563.0,0,0.0,0.0,219.14,Range Breakout Sell
2025.07.08 00:04:37,559.0,XAUUSDc,buy,out,3.22,3335.692,564.0,0,0.0,-7.43,211.71,sl 3335.675
2025.07.09 00:03:01,560.0,XAUUSDc,buy,in,1.38,3306.467,565.0,0,0.0,0.0,211.71,Range Breakout Buy
2025.07.09 01:13:30,561.0,XAUUSDc,sell,out,1.38,3301.79,566.0,0,0.0,-6.45,205.26,sl 3301.815
2025.07.10 00:45:06,562.0,XAUUSDc,buy,in,4.49,3321.907,567.0,0,0.0,0.0,205.26,Range Breakout Buy
2025.07.10 00:45:40,563.0,XAUUSDc,sell,out,4.49,3320.307,568.0,0,0.0,-7.18,198.08,sl 3320.329
2025.07.14 07:30:02,564.0,XAUUSDc,buy,in,1.56,3374.832,569.0,0,0.0,0.0,198.08,Range Breakout Buy
2025.07.14 07:38:00,565.0,XAUUSDc,sell,out,1.56,3370.728,570.0,0,0.0,-6.4,191.68,sl 3370.738
2025.07.15 13:27:03,566.0,XAUUSDc,sell,in,2.39,3340.866,571.0,0,0.0,0.0,191.68,Range Breakout Sell
2025.07.15 13:53:39,567.0,XAUUSDc,buy,out,2.39,3343.165,572.0,0,0.0,-5.49,186.19,sl 3343.160
2025.07.22 12:45:06,568.0,XAUUSDc,buy,in,2.76,3404.077,573.0,0,0.0,0.0,186.19,Range Breakout Buy
2025.07.22 12:49:37,569.0,XAUUSDc,sell,out,2.76,3401.681,574.0,0,0.0,-6.61,179.58,sl 3401.687
2025.07.23 01:06:08,570.0,XAUUSDc,sell,in,1.16,3425.437,575.0,0,0.0,0.0,179.58,Range Breakout Sell
2025.07.23 09:06:38,571.0,XAUUSDc,buy,out,1.16,3430.275,576.0,0,0.0,-5.61,173.97,sl 3430.262
2025.07.24 01:09:01,572.0,XAUUSDc,sell,in,0.85,3385.473,577.0,0,0.0,0.0,173.97,Range Breakout Sell
2025.07.24 01:15:37,573.0,XAUUSDc,buy,out,0.85,3391.676,578.0,0,0.0,-5.27,168.7,sl 3391.667
2025.07.25 02:21:02,574.0,XAUUSDc,sell,in,7.4,3364.892,579.0,0,0.0,0.0,168.7,Range Breakout Sell
2025.07.25 02:25:37,575.0,XAUUSDc,buy,out,7.4,3365.677,580.0,0,0.0,-5.81,162.89,sl 3365.671
2025.07.30 00:03:05,576.0,XAUUSDc,buy,in,1.81,3329.853,581.0,0,0.0,0.0,162.89,Range Breakout Buy
2025.07.30 01:35:42,577.0,XAUUSDc,sell,out,1.81,3327.193,582.0,0,0.0,-4.82,158.07,sl 3327.206
2025.07.31 00:03:01,578.0,XAUUSDc,buy,in,2.16,3286.627,583.0,0,0.0,0.0,158.07,Range Breakout Buy
2025.07.31 00:07:36,579.0,XAUUSDc,sell,out,2.16,3284.318,584.0,0,0.0,-4.99,153.08,sl 3284.339
2025.08.01 03:12:08,580.0,XAUUSDc,buy,in,1.31,3297.22,585.0,0,0.0,0.0,153.08,Range Breakout Buy
2025.08.01 03:21:24,581.0,XAUUSDc,sell,out,1.31,3293.486,586.0,0,0.0,-4.89,148.19,sl 3293.493
2025.08.06 00:21:07,582.0,XAUUSDc,buy,in,3.07,3384.225,587.0,0,0.0,0.0,148.19,Range Breakout Buy
2025.08.06 00:41:24,583.0,XAUUSDc,sell,out,3.07,3382.544,588.0,0,0.0,-5.16,143.03,sl 3382.572
2025.08.07 00:03:13,584.0,XAUUSDc,sell,in,0.99,3366.364,589.0,0,0.0,0.0,143.03,Range Breakout Sell
2025.08.07 00:14:30,585.0,XAUUSDc,buy,out,0.99,3370.44,590.0,0,0.0,-4.04,138.99,sl 3370.403
2025.08.11 00:03:05,586.0,XAUUSDc,sell,in,1.5,3389.103,591.0,0,0.0,0.0,138.99,Range Breakout Sell
2025.08.11 00:08:05,587.0,XAUUSDc,buy,out,1.5,3391.642,592.0,0,0.0,-3.81,135.18,sl 3391.639
2025.08.13 00:03:01,588.0,XAUUSDc,sell,in,2.48,3349.236,593.0,0,0.0,0.0,135.18,Range Breakout Sell
2025.08.13 01:46:27,589.0,XAUUSDc,buy,out,2.48,3350.797,594.0,0,0.0,-3.87,131.31,sl 3350.783
2025.08.14 00:03:01,590.0,XAUUSDc,buy,in,1.75,3365.156,595.0,0,0.0,0.0,131.31,Range Breakout Buy
2025.08.14 03:00:01,591.0,XAUUSDc,sell,out,1.75,3362.739,596.0,0,0.0,-4.23,127.08,sl 3362.743
2025.08.18 00:18:07,592.0,XAUUSDc,buy,in,2.5,3335.801,597.0,0,0.0,0.0,127.08,Range Breakout Buy
2025.08.18 03:31:40,593.0,XAUUSDc,sell,out,2.5,3347.879,598.0,0,0.0,30.2,157.28,tp 3347.836
2025.08.19 00:03:00,594.0,XAUUSDc,sell,in,1.67,3328.291,599.0,0,0.0,0.0,157.28,Range Breakout Sell
2025.08.19 00:06:29,595.0,XAUUSDc,buy,out,1.67,3331.01,600.0,0,0.0,-4.54,152.74,sl 3330.990
2025.08.21 00:03:05,596.0,XAUUSDc,sell,in,3.96,3345.835,601.0,0,0.0,0.0,152.74,Range Breakout Sell
2025.08.21 06:22:16,597.0,XAUUSDc,buy,out,3.96,3336.487,602.0,0,0.0,37.02,189.76,tp 3336.502
2025.08.22 14:03:03,598.0,XAUUSDc,buy,in,0.28,3354.759,603.0,0,0.0,0.0,189.76,Range Breakout Buy
2025.08.25 00:06:02,599.0,XAUUSDc,sell,in,3.4,3365.794,604.0,0,0.0,0.0,189.76,Range Breakout Sell
2025.08.25 01:02:02,600.0,XAUUSDc,buy,out,3.4,3367.464,605.0,0,0.0,-5.68,184.08,sl 3367.427
2025.08.26 00:15:01,601.0,XAUUSDc,buy,in,0.82,3369.136,606.0,0,0.0,0.0,184.08,Range Breakout Buy
2025.08.28 00:15:03,602.0,XAUUSDc,sell,in,9.0,3394.656,607.0,0,0.0,0.0,184.08,Range Breakout Sell
2025.08.28 00:15:36,603.0,XAUUSDc,buy,out,9.0,3395.293,608.0,0,0.0,-5.73,178.35,sl 3395.278
2025.08.28 19:56:30,604.0,XAUUSDc,sell,out,0.82,3422.305,609.0,0,-1.85,43.6,220.1,tp 3422.301
2025.08.29 13:15:01,605.0,XAUUSDc,buy,in,4.09,3418.866,610.0,0,0.0,0.0,220.1,Range Breakout Buy
2025.08.29 13:25:59,606.0,XAUUSDc,sell,out,4.09,3417.048,611.0,0,0.0,-7.44,212.66,sl 3417.048
2025.09.01 02:00:05,607.0,XAUUSDc,buy,in,0.85,3457.542,612.0,0,0.0,0.0,212.66,Range Breakout Buy
2025.09.02 07:54:10,608.0,XAUUSDc,sell,in,1.22,3472.891,613.0,0,0.0,0.0,212.66,Range Breakout Sell
2025.09.02 08:35:37,609.0,XAUUSDc,buy,out,1.22,3479.043,614.0,0,0.0,-7.51,205.15,sl 3479.014
2025.09.02 14:47:29,610.0,XAUUSDc,sell,out,0.28,3512.385,615.0,0,-1.43,44.14,247.86,tp 3512.383
2025.09.02 15:47:27,611.0,XAUUSDc,sell,out,0.85,3516.718,616.0,0,-0.48,50.3,297.68,tp 3516.684
2025.09.03 00:21:07,612.0,XAUUSDc,buy,in,2.78,3535.652,617.0,0,0.0,0.0,297.68,Range Breakout Buy
2025.09.03 02:59:38,613.0,XAUUSDc,sell,out,2.78,3531.817,618.0,0,0.0,-10.66,287.02,sl 3531.851
2025.09.04 00:09:06,614.0,XAUUSDc,sell,in,2.27,3553.191,619.0,0,0.0,0.0,287.02,Range Breakout Sell
2025.09.04 00:11:19,615.0,XAUUSDc,buy,out,2.27,3556.947,620.0,0,0.0,-8.53,278.49,sl 3556.932
2025.09.05 00:03:06,616.0,XAUUSDc,buy,in,3.1,3556.045,621.0,0,0.0,0.0,278.49,Range Breakout Buy
2025.09.05 00:05:31,617.0,XAUUSDc,sell,out,3.1,3552.525,622.0,0,0.0,-10.91,267.58,sl 3552.532
2025.09.09 00:15:02,618.0,XAUUSDc,buy,in,9.52,3637.1,623.0,0,0.0,0.0,267.58,Range Breakout Buy
2025.09.09 01:09:39,619.0,XAUUSDc,sell,out,9.52,3636.238,624.0,0,0.0,-8.21,259.37,sl 3636.253
2025.09.10 04:09:03,620.0,XAUUSDc,buy,in,5.55,3641.151,625.0,0,0.0,0.0,259.37,Range Breakout Buy
2025.09.10 09:45:35,621.0,XAUUSDc,sell,out,5.55,3652.07,626.0,0,0.0,60.6,319.97,tp 3652.063
2025.09.12 01:03:11,622.0,XAUUSDc,buy,in,2.91,3639.599,627.0,0,0.0,0.0,319.97,Range Breakout Buy
2025.09.15 00:03:30,623.0,XAUUSDc,sell,out,2.91,3636.452,628.0,0,-1.64,-9.16,309.17,sl 3636.484
2025.09.15 00:06:03,624.0,XAUUSDc,sell,in,5.62,3636.206,629.0,0,0.0,0.0,309.17,Range Breakout Sell
2025.09.15 00:07:37,625.0,XAUUSDc,buy,out,5.62,3637.836,630.0,0,0.0,-9.16,300.01,sl 3637.824
2025.09.16 00:18:01,626.0,XAUUSDc,buy,in,4.4,3681.186,631.0,0,0.0,0.0,300.01,Range Breakout Buy
2025.09.16 01:15:37,627.0,XAUUSDc,sell,out,4.4,3679.079,632.0,0,0.0,-9.27,290.74,sl 3679.098
2025.09.17 01:24:00,628.0,XAUUSDc,sell,in,3.99,3688.916,633.0,0,0.0,0.0,290.74,Range Breakout Sell
2025.09.17 06:44:29,629.0,XAUUSDc,buy,out,3.99,3671.467,634.0,0,0.0,69.62,360.36,tp 3671.500
2025.09.24 00:03:05,630.0,XAUUSDc,sell,in,2.99,3761.852,635.0,0,0.0,0.0,360.36,Range Breakout Sell
2025.09.24 00:24:37,631.0,XAUUSDc,buy,out,2.99,3765.182,636.0,0,0.0,-9.96,350.4,sl 3765.156
2025.09.25 00:06:04,632.0,XAUUSDc,buy,in,3.04,3746.589,637.0,0,0.0,0.0,350.4,Range Breakout Buy
2025.09.25 01:10:28,633.0,XAUUSDc,sell,out,3.04,3743.073,638.0,0,0.0,-10.69,339.71,sl 3743.086
2025.09.29 00:12:00,634.0,XAUUSDc,buy,in,5.16,3773.734,639.0,0,0.0,0.0,339.71,Range Breakout Buy
2025.09.29 01:24:28,635.0,XAUUSDc,sell,out,5.16,3771.533,640.0,0,0.0,-11.36,328.35,sl 3771.558
2025.09.30 00:03:16,636.0,XAUUSDc,buy,in,3.9,3833.801,641.0,0,0.0,0.0,328.35,Range Breakout Buy
2025.09.30 03:13:30,637.0,XAUUSDc,sell,out,3.9,3853.811,642.0,0,0.0,78.04,406.39,tp 3853.798
2025.10.01 00:03:10,638.0,XAUUSDc,buy,in,7.03,3864.086,643.0,0,0.0,0.0,406.39,Range Breakout Buy
2025.10.01 00:26:17,639.0,XAUUSDc,sell,out,7.03,3862.334,644.0,0,0.0,-12.32,394.07,sl 3862.349
2025.10.02 00:21:00,640.0,XAUUSDc,sell,in,3.92,3857.391,645.0,0,0.0,0.0,394.07,Range Breakout Sell
2025.10.02 00:24:29,641.0,XAUUSDc,buy,out,3.92,3860.436,646.0,0,0.0,-11.94,382.13,sl 3860.409
2025.10.03 01:24:07,642.0,XAUUSDc,sell,in,3.7,3850.997,647.0,0,0.0,0.0,382.13,Range Breakout Sell
2025.10.03 01:39:42,643.0,XAUUSDc,buy,out,3.7,3854.712,648.0,0,0.0,-13.75,368.38,sl 3854.685
2025.10.06 02:03:04,644.0,XAUUSDc,buy,in,1.91,3923.893,649.0,0,0.0,0.0,368.38,Range Breakout Buy
2025.10.06 16:08:38,645.0,XAUUSDc,sell,out,1.91,3969.498,650.0,0,0.0,87.11,455.49,tp 3969.485
2025.10.09 04:30:05,646.0,XAUUSDc,buy,in,13.66,4038.675,651.0,0,0.0,0.0,455.49,Range Breakout Buy
2025.10.09 04:36:38,647.0,XAUUSDc,sell,out,13.66,4037.252,652.0,0,0.0,-19.44,436.05,sl 4037.270
2025.10.10 00:12:02,648.0,XAUUSDc,buy,in,6.27,3990.816,653.0,0,0.0,0.0,436.05,Range Breakout Buy
2025.10.10 00:13:42,649.0,XAUUSDc,sell,out,6.27,3988.749,654.0,0,0.0,-12.96,423.09,sl 3988.750
2025.10.14 06:24:01,650.0,XAUUSDc,sell,in,0.75,4092.031,655.0,0,0.0,0.0,423.09,Range Breakout Sell
2025.10.14 06:26:02,651.0,XAUUSDc,buy,out,0.75,4109.016,656.0,0,0.0,-12.74,410.35,sl 4109.008
2025.10.15 00:12:03,652.0,XAUUSDc,buy,in,7.69,4167.727,657.0,0,0.0,0.0,410.35,Range Breakout Buy
2025.10.15 00:18:41,653.0,XAUUSDc,sell,out,7.69,4165.973,658.0,0,0.0,-13.49,396.86,sl 4165.981
2025.10.16 00:18:08,654.0,XAUUSDc,buy,in,8.47,4215.978,659.0,0,0.0,0.0,396.86,Range Breakout Buy
2025.10.16 00:59:20,655.0,XAUUSDc,sell,out,8.47,4214.823,660.0,0,0.0,-9.78,387.08,sl 4214.828
2025.10.17 01:18:05,656.0,XAUUSDc,sell,in,0.56,4325.163,661.0,0,0.0,0.0,387.08,Range Breakout Sell
2025.10.17 02:50:15,657.0,XAUUSDc,buy,out,0.56,4348.467,662.0,0,0.0,-13.05,374.03,sl 4348.448
2025.10.20 00:12:00,658.0,XAUUSDc,sell,in,1.6,4231.83,663.0,0,0.0,0.0,374.03,Range Breakout Sell
2025.10.20 00:37:47,659.0,XAUUSDc,buy,out,1.6,4238.865,664.0,0,0.0,-11.26,362.77,sl 4238.845
2025.10.22 00:03:03,660.0,XAUUSDc,sell,in,0.41,4065.26,665.0,0,0.0,0.0,362.77,Range Breakout Sell
2025.10.22 01:04:21,661.0,XAUUSDc,buy,out,0.41,4094.069,666.0,0,0.0,-11.81,350.96,sl 4094.052
2025.10.23 00:21:01,662.0,XAUUSDc,sell,in,1.85,4079.723,667.0,0,0.0,0.0,350.96,Range Breakout Sell
2025.10.23 00:52:42,663.0,XAUUSDc,buy,out,1.85,4085.397,668.0,0,0.0,-10.5,340.46,sl 4085.376
2025.10.27 00:03:09,664.0,XAUUSDc,sell,in,1.32,4059.765,669.0,0,0.0,0.0,340.46,Range Breakout Sell
2025.10.27 00:07:31,665.0,XAUUSDc,buy,out,1.32,4067.733,670.0,0,0.0,-10.52,329.94,sl 4067.716
2025.10.28 00:21:06,666.0,XAUUSDc,sell,in,0.81,3973.599,671.0,0,0.0,0.0,329.94,Range Breakout Sell
2025.10.28 00:30:29,667.0,XAUUSDc,buy,out,0.81,3985.913,672.0,0,0.0,-9.98,319.96,sl 3985.878
2025.10.30 00:03:06,668.0,XAUUSDc,buy,in,1.43,3957.829,673.0,0,0.0,0.0,319.96,Range Breakout Buy
2025.10.30 00:36:39,669.0,XAUUSDc,sell,out,1.43,3951.994,674.0,0,0.0,-8.34,311.62,sl 3952.011
2025.11.05 00:06:05,670.0,XAUUSDc,buy,in,3.27,3941.019,675.0,0,0.0,0.0,311.62,Range Breakout Buy
2025.11.05 00:07:03,671.0,XAUUSDc,sell,out,3.27,3937.696,676.0,0,0.0,-10.87,300.75,sl 3937.710
2025.11.06 02:33:06,672.0,XAUUSDc,buy,in,2.22,3982.997,677.0,0,0.0,0.0,300.75,Range Breakout Buy
2025.11.06 08:27:40,673.0,XAUUSDc,sell,out,2.22,4014.637,678.0,0,0.0,70.24,370.99,tp 4014.624
2025.11.10 00:03:01,674.0,XAUUSDc,buy,in,4.96,4013.693,679.0,0,0.0,0.0,370.99,Range Breakout Buy
2025.11.10 01:16:39,675.0,XAUUSDc,sell,out,4.96,4031.343,680.0,0,0.0,87.54,458.53,tp 4031.319
2025.11.11 00:27:00,676.0,XAUUSDc,buy,in,4.43,4123.945,681.0,0,0.0,0.0,458.53,Range Breakout Buy
2025.11.11 04:02:39,677.0,XAUUSDc,sell,out,4.43,4148.601,682.0,0,0.0,109.23,567.76,tp 4148.582
2025.11.12 00:06:05,678.0,XAUUSDc,buy,in,8.53,4145.562,683.0,0,0.0,0.0,567.76,Range Breakout Buy
2025.11.12 00:07:39,679.0,XAUUSDc,sell,out,8.53,4143.142,684.0,0,0.0,-20.64,547.12,sl 4143.156
2025.11.14 00:21:08,680.0,XAUUSDc,buy,in,4.97,4188.548,685.0,0,0.0,0.0,547.12,Range Breakout Buy
2025.11.14 00:27:34,681.0,XAUUSDc,sell,out,4.97,4185.288,686.0,0,0.0,-16.2,530.92,sl 4185.301
2025.11.18 13:36:04,682.0,XAUUSDc,buy,in,1.45,4060.293,687.0,0,0.0,0.0,530.92,Range Breakout Buy
2025.11.18 15:51:04,683.0,XAUUSDc,sell,out,1.45,4049.597,688.0,0,0.0,-15.51,515.41,sl 4049.606
2025.11.20 00:03:02,684.0,XAUUSDc,buy,in,3.25,4109.695,689.0,0,0.0,0.0,515.41,Range Breakout Buy
2025.11.20 00:05:03,685.0,XAUUSDc,sell,out,3.25,4104.655,690.0,0,0.0,-16.38,499.03,sl 4104.668
2025.11.21 16:51:00,686.0,XAUUSDc,buy,in,0.98,4093.307,691.0,0,0.0,0.0,499.03,Range Breakout Buy
2025.11.21 18:30:36,687.0,XAUUSDc,sell,out,0.98,4078.043,692.0,0,0.0,-14.96,484.07,sl 4078.047
2025.11.24 00:09:03,688.0,XAUUSDc,sell,in,2.31,4062.974,693.0,0,0.0,0.0,484.07,Range Breakout Sell
2025.11.24 01:00:05,689.0,XAUUSDc,buy,out,2.31,4068.929,694.0,0,0.0,-13.76,470.31,sl 4068.921
2025.11.26 00:09:03,690.0,XAUUSDc,buy,in,3.79,4137.495,695.0,0,0.0,0.0,470.31,Range Breakout Buy
2025.11.26 03:07:57,691.0,XAUUSDc,sell,out,3.79,4167.181,696.0,0,0.0,112.51,582.82,tp 4167.177
2025.11.28 00:03:02,692.0,XAUUSDc,buy,in,10.31,4164.861,697.0,0,0.0,0.0,582.82,Range Breakout Buy
2025.11.28 00:34:30,693.0,XAUUSDc,sell,out,10.31,4178.355,698.0,0,0.0,139.12,721.94,tp 4178.348
2025.12.01 00:30:01,694.0,XAUUSDc,buy,in,7.66,4227.263,699.0,0,0.0,0.0,721.94,Range Breakout Buy
2025.12.01 01:04:41,695.0,XAUUSDc,sell,out,7.66,4224.277,700.0,0,0.0,-22.87,699.07,sl 4224.309
2025.12.03 01:03:05,696.0,XAUUSDc,buy,in,4.03,4217.091,701.0,0,0.0,0.0,699.07,Range Breakout Buy
2025.12.03 05:39:27,697.0,XAUUSDc,sell,out,4.03,4211.551,702.0,0,0.0,-22.33,676.74,sl 4211.553
2025.12.04 00:09:15,698.0,XAUUSDc,buy,in,7.23,4209.117,703.0,0,0.0,0.0,676.74,Range Breakout Buy
2025.12.04 01:05:40,699.0,XAUUSDc,sell,out,7.23,4206.277,704.0,0,0.0,-20.53,656.21,sl 4206.279
2025.12.05 00:18:05,700.0,XAUUSDc,buy,in,8.7,4210.554,705.0,0,0.0,0.0,656.21,Range Breakout Buy
2025.12.05 00:18:40,701.0,XAUUSDc,sell,out,8.7,4208.005,706.0,0,0.0,-22.18,634.03,sl 4208.028
2025.12.08 00:39:06,702.0,XAUUSDc,buy,in,7.02,4210.172,707.0,0,0.0,0.0,634.03,Range Breakout Buy
2025.12.08 01:00:43,703.0,XAUUSDc,sell,out,7.02,4207.04,708.0,0,0.0,-21.99,612.04,sl 4207.044
2025.12.11 00:03:05,704.0,XAUUSDc,buy,in,5.67,4234.796,709.0,0,0.0,0.0,612.04,Range Breakout Buy
2025.12.11 02:11:40,705.0,XAUUSDc,sell,out,5.67,4231.298,710.0,0,0.0,-19.83,592.21,sl 4231.298
2025.12.12 00:54:06,706.0,XAUUSDc,sell,in,6.46,4271.836,711.0,0,0.0,0.0,592.21,Range Breakout Sell
2025.12.12 01:13:25,707.0,XAUUSDc,buy,out,6.46,4274.526,712.0,0,0.0,-17.38,574.83,sl 4274.518
2025.12.15 01:03:04,708.0,XAUUSDc,buy,in,2.81,4311.507,713.0,0,0.0,0.0,574.83,Range Breakout Buy
2025.12.15 16:05:32,709.0,XAUUSDc,sell,out,2.81,4305.769,714.0,0,0.0,-16.12,558.71,sl 4305.777
2025.12.17 00:03:15,710.0,XAUUSDc,buy,in,6.87,4309.767,715.0,0,0.0,0.0,558.71,Range Breakout Buy
2025.12.17 04:42:30,711.0,XAUUSDc,sell,out,6.87,4329.348,716.0,0,0.0,134.52,693.23,tp 4329.326
2025.12.18 00:51:06,712.0,XAUUSDc,sell,in,6.7,4333.554,717.0,0,0.0,0.0,693.23,Range Breakout Sell
2025.12.18 01:01:38,713.0,XAUUSDc,buy,out,6.7,4336.675,718.0,0,0.0,-20.91,672.32,sl 4336.672
2025.12.19 00:06:07,714.0,XAUUSDc,sell,in,7.62,4333.776,719.0,0,0.0,0.0,672.32,Range Breakout Sell
2025.12.19 01:28:39,715.0,XAUUSDc,buy,out,7.62,4312.021,720.0,0,0.0,165.77,838.09,tp 4312.036
2025.12.22 00:03:16,716.0,XAUUSDc,buy,in,3.19,4363.46,721.0,0,0.0,0.0,838.09,Range Breakout Buy
2025.12.22 13:11:04,717.0,XAUUSDc,sell,out,3.19,4426.221,722.0,0,0.0,200.21,1038.3,tp 4426.207
2025.12.23 00:06:07,718.0,XAUUSDc,buy,in,10.54,4462.635,723.0,0,0.0,0.0,1038.3,Range Breakout Buy
2025.12.23 01:12:13,719.0,XAUUSDc,sell,out,10.54,4486.54,724.0,0,0.0,251.96,1290.26,tp 4486.532
2025.12.24 03:00:06,720.0,XAUUSDc,sell,in,1.59,4483.272,725.0,0,0.0,0.0,1290.26,Range Breakout Sell
2025.12.26 00:06:42,721.0,XAUUSDc,buy,out,1.59,4501.823,726.0,0,0.0,-29.5,1260.76,sl 4501.822
2025.12.29 00:03:17,722.0,XAUUSDc,sell,in,5.06,4522.129,727.0,0,0.0,0.0,1260.76,Range Breakout Sell
2025.12.29 07:00:28,723.0,XAUUSDc,buy,out,5.06,4460.874,728.0,0,0.0,309.95,1570.71,tp 4460.881
,,,,,,,,0,-6.18,1476.89,1570.71,
