Open Time,Order,Symbol,Type,Volume,Price,S / L,T / P,Time,State,Comment
2024.01.02 01:03:34,2.0,XAUUSDc,buy,2.03 / 2.03,0.0,2065.053,2078.319,2024.01.02 01:03:34,filled,Range Breakout Buy
2024.01.02 02:07:30,3.0,XAUUSDc,sell,2.03 / 2.03,0.0,,,2024.01.02 02:07:30,filled,sl 2065.053
2024.01.03 00:12:34,4.0,XAUUSDc,buy,7.42 / 7.42,0.0,2059.922,2063.414,2024.01.03 00:12:34,filled,Range Breakout Buy
2024.01.03 01:16:30,5.0,XAUUSDc,sell,7.42 / 7.42,0.0,,,2024.01.03 01:16:30,filled,sl 2059.922
2024.01.04 00:54:34,6.0,XAUUSDc,sell,7.95 / 7.95,0.0,2042.059,2038.981,2024.01.04 00:54:34,filled,Range Breakout Sell
2024.01.04 00:55:30,7.0,XAUUSDc,buy,7.95 / 7.95,0.0,,,2024.01.04 00:55:30,filled,sl 2042.059
2024.01.05 00:48:32,8.0,XAUUSDc,buy,17.51 / 17.51,0.0,2044.323,2045.655,2024.01.05 00:48:32,filled,Range Breakout Buy
2024.01.05 00:51:30,9.0,XAUUSDc,sell,17.51 / 17.51,0.0,,,2024.01.05 00:51:30,filled,sl 2044.323
2024.01.09 00:03:31,10.0,XAUUSDc,buy,7.37 / 7.37,0.0,2031.095,2033.939,2024.01.09 00:03:31,filled,Range Breakout Buy
2024.01.09 00:19:30,11.0,XAUUSDc,sell,7.37 / 7.37,0.0,,,2024.01.09 00:19:30,filled,tp 2033.939
2024.01.10 01:15:31,12.0,XAUUSDc,sell,4.1 / 4.1,0.0,2028.842,2022.686,2024.01.10 01:15:31,filled,Range Breakout Sell
2024.01.10 01:21:30,13.0,XAUUSDc,buy,4.1 / 4.1,0.0,,,2024.01.10 01:21:30,filled,sl 2028.842
2024.01.11 00:06:32,14.0,XAUUSDc,buy,10.45 / 10.45,0.0,2027.239,2029.471,2024.01.11 00:06:32,filled,Range Breakout Buy
2024.01.11 00:09:30,15.0,XAUUSDc,sell,10.45 / 10.45,0.0,,,2024.01.11 00:09:30,filled,sl 2027.239
2024.01.16 00:27:33,17.0,XAUUSDc,sell,4.23 / 4.23,0.0,2053.648,2048.581,2024.01.16 00:27:33,filled,Range Breakout Sell
2024.01.16 05:22:30,18.0,XAUUSDc,buy,4.23 / 4.23,0.0,,,2024.01.16 05:22:30,filled,tp 2048.581
2024.01.17 00:12:31,19.0,XAUUSDc,sell,6.58 / 6.58,0.0,2026.439,2022.443,2024.01.17 00:12:31,filled,Range Breakout Sell
2024.01.17 00:20:30,20.0,XAUUSDc,buy,6.58 / 6.58,0.0,,,2024.01.17 00:20:30,filled,sl 2026.439
2024.01.19 00:21:31,22.0,XAUUSDc,buy,3.5 / 3.5,0.0,2023.458,2030.559,2024.01.19 00:21:31,filled,Range Breakout Buy
2024.01.19 00:36:30,23.0,XAUUSDc,sell,3.5 / 3.5,0.0,,,2024.01.19 00:36:30,filled,sl 2023.458
2024.01.24 07:45:33,25.0,XAUUSDc,buy,1.15 / 1.15,0.0,2028.856,2049.871,2024.01.24 07:45:33,filled,Range Breakout Buy
2024.01.24 08:18:30,26.0,XAUUSDc,sell,1.15 / 1.15,0.0,,,2024.01.24 08:18:30,filled,sl 2028.856
2024.01.25 07:33:36,27.0,XAUUSDc,buy,13.28 / 13.28,0.0,2017.272,2019.054,2024.01.25 07:33:36,filled,Range Breakout Buy
2024.01.25 07:34:30,28.0,XAUUSDc,sell,13.28 / 13.28,0.0,,,2024.01.25 07:34:30,filled,sl 2017.272
2024.01.26 00:42:38,29.0,XAUUSDc,buy,2.95 / 2.95,0.0,2020.32,2027.808,2024.01.26 00:42:38,filled,Range Breakout Buy
2024.01.26 07:16:30,30.0,XAUUSDc,sell,2.95 / 2.95,0.0,,,2024.01.26 07:16:30,filled,sl 2020.320
2024.01.30 00:39:34,31.0,XAUUSDc,buy,9.01 / 9.01,0.0,2032.772,2035.112,2024.01.30 00:39:34,filled,Range Breakout Buy
2024.01.30 01:04:30,32.0,XAUUSDc,sell,9.01 / 9.01,0.0,,,2024.01.30 01:04:30,filled,sl 2032.772
2024.01.31 00:03:32,33.0,XAUUSDc,buy,3.24 / 3.24,0.0,2036.658,2042.778,2024.01.31 00:03:32,filled,Range Breakout Buy
2024.01.31 00:42:30,34.0,XAUUSDc,sell,3.24 / 3.24,0.0,,,2024.01.31 00:42:30,filled,sl 2036.658
2024.02.01 00:33:33,35.0,XAUUSDc,buy,3.03 / 3.03,0.0,2041.173,2047.356,2024.02.01 00:33:33,filled,Range Breakout Buy
2024.02.01 00:50:30,36.0,XAUUSDc,sell,3.03 / 3.03,0.0,,,2024.02.01 00:50:30,filled,sl 2041.173
2024.02.02 00:30:36,37.0,XAUUSDc,buy,4.78 / 4.78,0.0,2055.7,2059.498,2024.02.02 00:30:36,filled,Range Breakout Buy
2024.02.02 00:53:30,38.0,XAUUSDc,sell,4.78 / 4.78,0.0,,,2024.02.02 00:53:30,filled,sl 2055.700
2024.02.05 00:03:33,39.0,XAUUSDc,sell,4.25 / 4.25,0.0,2038.379,2034.275,2024.02.05 00:03:33,filled,Range Breakout Sell
2024.02.05 00:04:30,40.0,XAUUSDc,buy,4.25 / 4.25,0.0,,,2024.02.05 00:04:30,filled,sl 2038.379
2024.02.06 00:06:34,41.0,XAUUSDc,buy,8.14 / 8.14,0.0,2025.284,2027.354,2024.02.06 00:06:34,filled,Range Breakout Buy
2024.02.06 00:10:30,42.0,XAUUSDc,sell,8.14 / 8.14,0.0,,,2024.02.06 00:10:30,filled,sl 2025.284
2024.02.08 00:03:43,43.0,XAUUSDc,buy,12.94 / 12.94,0.0,2036.461,2037.649,2024.02.08 00:03:43,filled,Range Breakout Buy
2024.02.08 01:02:30,44.0,XAUUSDc,sell,12.94 / 12.94,0.0,,,2024.02.08 01:02:30,filled,tp 2037.649
2024.02.09 00:36:34,45.0,XAUUSDc,sell,4.09 / 4.09,0.0,2033.744,2029.343,2024.02.09 00:36:34,filled,Range Breakout Sell
2024.02.09 00:37:30,46.0,XAUUSDc,buy,4.09 / 4.09,0.0,,,2024.02.09 00:37:30,filled,sl 2033.744
2024.02.12 08:21:42,47.0,XAUUSDc,buy,3.39 / 3.39,0.0,2025.941,2031.17,2024.02.12 08:21:42,filled,Range Breakout Buy
2024.02.12 08:35:30,48.0,XAUUSDc,sell,3.39 / 3.39,0.0,,,2024.02.12 08:35:30,filled,sl 2025.941
2024.02.14 00:27:41,50.0,XAUUSDc,buy,3.7 / 3.7,0.0,1992.27,1996.752,2024.02.14 00:27:41,filled,Range Breakout Buy
2024.02.14 00:51:30,51.0,XAUUSDc,sell,3.7 / 3.7,0.0,,,2024.02.14 00:51:30,filled,sl 1992.270
2024.02.16 01:36:35,52.0,XAUUSDc,buy,3.36 / 3.36,0.0,2003.979,2008.812,2024.02.16 01:36:35,filled,Range Breakout Buy
2024.02.16 01:40:30,53.0,XAUUSDc,sell,3.36 / 3.36,0.0,,,2024.02.16 01:40:30,filled,sl 2003.979
2024.02.19 00:27:37,54.0,XAUUSDc,buy,1.42 / 1.42,0.0,2016.745,2027.788,2024.02.19 00:27:37,filled,Range Breakout Buy
2024.02.19 00:38:30,55.0,XAUUSDc,sell,1.42 / 1.42,0.0,,,2024.02.19 00:38:30,filled,sl 2016.745
2024.02.20 00:12:38,56.0,XAUUSDc,sell,5.99 / 5.99,0.0,2015.796,2013.258,2024.02.20 00:12:38,filled,Range Breakout Sell
2024.02.20 00:17:30,57.0,XAUUSDc,buy,5.99 / 5.99,0.0,,,2024.02.20 00:17:30,filled,sl 2015.796
2024.02.21 00:03:33,58.0,XAUUSDc,sell,2.48 / 2.48,0.0,2023.6,2017.822,2024.02.21 00:03:33,filled,Range Breakout Sell
2024.02.21 00:05:30,59.0,XAUUSDc,buy,2.48 / 2.48,0.0,,,2024.02.21 00:05:30,filled,sl 2023.600
2024.02.23 00:27:30,60.0,XAUUSDc,buy,9.13 / 9.13,0.0,2025.604,2027.152,2024.02.23 00:27:30,filled,Range Breakout Buy
2024.02.23 00:34:30,61.0,XAUUSDc,sell,9.13 / 9.13,0.0,,,2024.02.23 00:34:30,filled,sl 2025.604
2024.02.26 00:03:33,62.0,XAUUSDc,sell,2.51 / 2.51,0.0,2033.596,2028.511,2024.02.26 00:03:33,filled,Range Breakout Sell
2024.02.26 00:06:30,63.0,XAUUSDc,buy,2.51 / 2.51,0.0,,,2024.02.26 00:06:30,filled,sl 2033.596
2024.02.27 00:03:40,64.0,XAUUSDc,buy,3.86 / 3.86,0.0,2031.823,2035.027,2024.02.27 00:03:40,filled,Range Breakout Buy
2024.02.27 00:05:30,65.0,XAUUSDc,sell,3.86 / 3.86,0.0,,,2024.02.27 00:05:30,filled,sl 2031.823
2024.03.04 07:45:38,67.0,XAUUSDc,buy,1.31 / 1.31,0.0,2085.692,2094.782,2024.03.04 07:45:38,filled,Range Breakout Buy
2024.03.04 08:18:30,68.0,XAUUSDc,sell,1.31 / 1.31,0.0,,,2024.03.04 08:18:30,filled,sl 2085.692
2024.03.05 01:18:36,69.0,XAUUSDc,sell,1.39 / 1.39,0.0,2114.143,2105.962,2024.03.05 01:18:36,filled,Range Breakout Sell
2024.03.05 04:10:30,70.0,XAUUSDc,buy,1.39 / 1.39,0.0,,,2024.03.05 04:10:30,filled,sl 2114.143
2024.03.06 07:06:35,71.0,XAUUSDc,buy,1.29 / 1.29,0.0,2127.835,2136.196,2024.03.06 07:06:35,filled,Range Breakout Buy
2024.03.06 08:00:30,72.0,XAUUSDc,sell,1.29 / 1.29,0.0,,,2024.03.06 08:00:30,filled,sl 2127.835
2024.03.07 01:15:34,73.0,XAUUSDc,sell,1.23 / 1.23,0.0,2146.742,2138.39,2024.03.07 01:15:34,filled,Range Breakout Sell
2024.03.07 01:38:30,74.0,XAUUSDc,buy,1.23 / 1.23,0.0,,,2024.03.07 01:38:30,filled,sl 2146.742
2024.03.08 00:03:39,75.0,XAUUSDc,buy,5.59 / 5.59,0.0,2161.267,2163.076,2024.03.08 00:03:39,filled,Range Breakout Buy
2024.03.08 00:04:30,76.0,XAUUSDc,sell,5.59 / 5.59,0.0,,,2024.03.08 00:04:30,filled,sl 2161.267
2024.03.11 00:39:47,77.0,XAUUSDc,buy,1.64 / 1.64,0.0,2183.876,2189.168,2024.03.11 00:39:47,filled,Range Breakout Buy
2024.03.11 01:04:30,78.0,XAUUSDc,sell,1.64 / 1.64,0.0,,,2024.03.11 01:04:30,filled,sl 2183.876
2024.03.12 00:57:38,79.0,XAUUSDc,sell,2.23 / 2.23,0.0,2180.771,2177.135,2024.03.12 00:57:38,filled,Range Breakout Sell
2024.03.12 00:58:30,80.0,XAUUSDc,buy,2.23 / 2.23,0.0,,,2024.03.12 00:58:30,filled,sl 2180.771
2024.03.13 02:48:32,81.0,XAUUSDc,buy,1.79 / 1.79,0.0,2160.743,2165.153,2024.03.13 02:48:32,filled,Range Breakout Buy
2024.03.13 02:55:30,82.0,XAUUSDc,sell,1.79 / 1.79,0.0,,,2024.03.13 02:55:30,filled,sl 2160.743
2024.03.14 00:57:30,83.0,XAUUSDc,buy,1.43 / 1.43,0.0,2175.898,2181.055,2024.03.14 00:57:30,filled,Range Breakout Buy
2024.03.14 01:11:30,84.0,XAUUSDc,sell,1.43 / 1.43,0.0,,,2024.03.14 01:11:30,filled,sl 2175.898
2024.03.15 00:42:34,85.0,XAUUSDc,buy,1.36 / 1.36,0.0,2161.697,2166.719,2024.03.15 00:42:34,filled,Range Breakout Buy
2024.03.15 05:43:30,86.0,XAUUSDc,sell,1.36 / 1.36,0.0,,,2024.03.15 05:43:30,filled,tp 2166.719
2024.03.18 01:09:38,87.0,XAUUSDc,sell,1.9 / 1.9,0.0,2154.376,2149.876,2024.03.18 01:09:38,filled,Range Breakout Sell
2024.03.18 02:45:30,88.0,XAUUSDc,buy,1.9 / 1.9,0.0,,,2024.03.18 02:45:30,filled,tp 2149.876
2024.03.19 00:03:31,89.0,XAUUSDc,buy,1.33 / 1.33,0.0,2161.781,2170.079,2024.03.19 00:03:31,filled,Range Breakout Buy
2024.03.19 00:10:30,90.0,XAUUSDc,sell,1.33 / 1.33,0.0,,,2024.03.19 00:10:30,filled,sl 2161.781
2024.03.20 01:24:36,91.0,XAUUSDc,buy,1.47 / 1.47,0.0,2158.904,2166.203,2024.03.20 01:24:36,filled,Range Breakout Buy
2024.03.20 01:33:30,92.0,XAUUSDc,sell,1.47 / 1.47,0.0,,,2024.03.20 01:33:30,filled,sl 2158.904
2024.03.21 14:06:35,93.0,XAUUSDc,sell,0.43 / 0.43,0.0,2188.094,2164.451,2024.03.21 14:06:35,filled,Range Breakout Sell
2024.03.22 00:15:37,94.0,XAUUSDc,buy,4.41 / 4.41,0.0,2182.308,2184.621,2024.03.22 00:15:37,filled,Range Breakout Buy
2024.03.22 00:34:30,95.0,XAUUSDc,sell,4.41 / 4.41,0.0,,,2024.03.22 00:34:30,filled,tp 2184.621
2024.03.22 07:21:30,96.0,XAUUSDc,buy,0.43 / 0.43,0.0,,,2024.03.22 07:21:30,filled,tp 2164.451
2024.03.25 00:03:33,97.0,XAUUSDc,buy,2.46 / 2.46,0.0,2168.473,2174.323,2024.03.25 00:03:33,filled,Range Breakout Buy
2024.03.25 00:09:30,98.0,XAUUSDc,sell,2.46 / 2.46,0.0,,,2024.03.25 00:09:30,filled,sl 2168.473
2024.03.26 00:03:35,99.0,XAUUSDc,buy,2.84 / 2.84,0.0,2172.704,2177.573,2024.03.26 00:03:35,filled,Range Breakout Buy
2024.03.26 00:07:30,100.0,XAUUSDc,sell,2.84 / 2.84,0.0,,,2024.03.26 00:07:30,filled,sl 2172.704
2024.03.28 00:03:32,101.0,XAUUSDc,sell,0.88 / 0.88,0.0,2190.297,2175.195,2024.03.28 00:03:32,filled,Range Breakout Sell
2024.03.28 00:32:30,102.0,XAUUSDc,buy,0.88 / 0.88,0.0,,,2024.03.28 00:32:30,filled,sl 2190.297
2024.04.01 00:09:37,103.0,XAUUSDc,buy,0.64 / 0.64,0.0,2245.926,2265.744,2024.04.01 00:09:37,filled,Range Breakout Buy
2024.04.01 12:05:30,104.0,XAUUSDc,sell,0.64 / 0.64,0.0,,,2024.04.01 12:05:30,filled,sl 2245.926
2024.04.02 04:45:32,105.0,XAUUSDc,buy,0.88 / 0.88,0.0,2255.036,2268.806,2024.04.02 04:45:32,filled,Range Breakout Buy
2024.04.02 05:16:30,106.0,XAUUSDc,sell,0.88 / 0.88,0.0,,,2024.04.02 05:16:30,filled,sl 2255.036
2024.04.03 01:12:35,107.0,XAUUSDc,sell,1.47 / 1.47,0.0,2278.85,2270.984,2024.04.03 01:12:35,filled,Range Breakout Sell
2024.04.03 01:16:30,108.0,XAUUSDc,buy,1.47 / 1.47,0.0,,,2024.04.03 01:16:30,filled,sl 2278.850
2024.04.04 00:57:35,109.0,XAUUSDc,buy,0.62 / 0.62,0.0,2300.351,2318.162,2024.04.04 00:57:35,filled,Range Breakout Buy
2024.04.04 01:05:30,110.0,XAUUSDc,sell,0.62 / 0.62,0.0,,,2024.04.04 01:05:30,filled,sl 2300.351
2024.04.05 00:15:38,111.0,XAUUSDc,sell,1.44 / 1.44,0.0,2288.853,2281.401,2024.04.05 00:15:38,filled,Range Breakout Sell
2024.04.05 00:16:30,112.0,XAUUSDc,buy,1.44 / 1.44,0.0,,,2024.04.05 00:16:30,filled,sl 2288.853
2024.04.08 01:03:33,113.0,XAUUSDc,sell,0.45 / 0.45,0.0,2306.23,2283.055,2024.04.08 01:03:33,filled,Range Breakout Sell
2024.04.08 01:07:30,114.0,XAUUSDc,buy,0.45 / 0.45,0.0,,,2024.04.08 01:07:30,filled,sl 2306.230
2024.04.10 01:03:35,115.0,XAUUSDc,sell,0.49 / 0.49,0.0,2350.958,2330.726,2024.04.10 01:03:35,filled,Range Breakout Sell
2024.04.10 02:31:30,116.0,XAUUSDc,buy,0.49 / 0.49,0.0,,,2024.04.10 02:31:30,filled,sl 2350.958
2024.04.11 01:09:32,117.0,XAUUSDc,buy,1.41 / 1.41,0.0,2337.475,2344.504,2024.04.11 01:09:32,filled,Range Breakout Buy
2024.04.11 02:49:30,118.0,XAUUSDc,sell,1.41 / 1.41,0.0,,,2024.04.11 02:49:30,filled,tp 2344.504
2024.04.12 01:03:05,119.0,XAUUSDc,buy,0.24 / 0.24,0.0,2378.667,2426.799,2024.04.12 01:03:05,filled,Range Breakout Buy
2024.04.12 14:58:27,120.0,XAUUSDc,sell,0.24 / 0.24,0.0,,,2024.04.12 14:58:27,filled,tp 2426.799
2024.04.16 15:09:04,121.0,XAUUSDc,buy,0.31 / 0.31,0.0,2387.495,2433.674,2024.04.16 15:09:04,filled,Range Breakout Buy
2024.04.16 15:12:36,122.0,XAUUSDc,sell,0.31 / 0.31,0.0,,,2024.04.16 15:12:36,filled,sl 2387.495
2024.04.17 00:03:02,123.0,XAUUSDc,sell,0.71 / 0.71,0.0,2383.399,2363.626,2024.04.17 00:03:02,filled,Range Breakout Sell
2024.04.17 00:19:38,124.0,XAUUSDc,buy,0.71 / 0.71,0.0,,,2024.04.17 00:19:38,filled,sl 2383.399
2024.04.18 00:03:05,125.0,XAUUSDc,buy,0.84 / 0.84,0.0,2367.837,2383.956,2024.04.18 00:03:05,filled,Range Breakout Buy
2024.04.18 00:09:30,126.0,XAUUSDc,sell,0.84 / 0.84,0.0,,,2024.04.18 00:09:30,filled,sl 2367.837
2024.04.19 00:06:07,127.0,XAUUSDc,sell,0.79 / 0.79,0.0,2379.029,2362.37,2024.04.19 00:06:07,filled,Range Breakout Sell
2024.04.19 00:58:30,128.0,XAUUSDc,buy,0.79 / 0.79,0.0,,,2024.04.19 00:58:30,filled,sl 2379.029
2024.04.23 01:09:02,129.0,XAUUSDc,buy,1.11 / 1.11,0.0,2332.673,2344.193,2024.04.23 01:09:02,filled,Range Breakout Buy
2024.04.23 01:21:41,130.0,XAUUSDc,sell,1.11 / 1.11,0.0,,,2024.04.23 01:21:41,filled,sl 2332.673
2024.04.24 03:21:00,131.0,XAUUSDc,buy,0.82 / 0.82,0.0,2323.504,2338.444,2024.04.24 03:21:00,filled,Range Breakout Buy
2024.04.24 07:05:03,132.0,XAUUSDc,sell,0.82 / 0.82,0.0,,,2024.04.24 07:05:03,filled,sl 2323.504
2024.04.25 03:12:01,133.0,XAUUSDc,sell,0.23 / 0.23,0.0,2318.705,2268.818,2024.04.25 03:12:01,filled,Range Breakout Sell
2024.04.25 05:36:37,134.0,XAUUSDc,buy,0.23 / 0.23,0.0,,,2024.04.25 05:36:37,filled,sl 2318.705
2024.04.26 00:18:03,135.0,XAUUSDc,sell,1.28 / 1.28,0.0,2330.814,2321.823,2024.04.26 00:18:03,filled,Range Breakout Sell
2024.04.26 01:32:14,136.0,XAUUSDc,buy,1.28 / 1.28,0.0,,,2024.04.26 01:32:14,filled,sl 2330.814
2024.04.29 00:45:04,137.0,XAUUSDc,sell,1.55 / 1.55,0.0,2332.994,2325.767,2024.04.29 00:45:04,filled,Range Breakout Sell
2024.04.29 01:00:37,138.0,XAUUSDc,buy,1.55 / 1.55,0.0,,,2024.04.29 01:00:37,filled,tp 2325.767
2024.04.30 00:03:00,139.0,XAUUSDc,sell,1.15 / 1.15,0.0,2333.218,2321.221,2024.04.30 00:03:00,filled,Range Breakout Sell
2024.04.30 00:06:36,140.0,XAUUSDc,buy,1.15 / 1.15,0.0,,,2024.04.30 00:06:36,filled,sl 2333.218
2024.05.01 00:51:16,141.0,XAUUSDc,sell,1.15 / 1.15,0.0,2288.222,2276.639,2024.05.01 00:51:16,filled,Range Breakout Sell
2024.05.01 00:52:29,142.0,XAUUSDc,buy,1.15 / 1.15,0.0,,,2024.05.01 00:52:29,filled,sl 2288.222
2024.05.02 00:06:02,143.0,XAUUSDc,buy,1.3 / 1.3,0.0,2324.289,2334.009,2024.05.02 00:06:02,filled,Range Breakout Buy
2024.05.02 00:06:35,144.0,XAUUSDc,sell,1.3 / 1.3,0.0,,,2024.05.02 00:06:35,filled,sl 2324.289
2024.05.03 01:06:00,145.0,XAUUSDc,buy,1.02 / 1.02,0.0,2304.217,2316.052,2024.05.03 01:06:00,filled,Range Breakout Buy
2024.05.03 01:12:25,146.0,XAUUSDc,sell,1.02 / 1.02,0.0,,,2024.05.03 01:12:25,filled,sl 2304.217
2024.05.06 00:18:02,147.0,XAUUSDc,sell,0.52 / 0.52,0.0,2294.96,2272.667,2024.05.06 00:18:02,filled,Range Breakout Sell
2024.05.06 00:38:34,148.0,XAUUSDc,buy,0.52 / 0.52,0.0,,,2024.05.06 00:38:34,filled,sl 2294.960
2024.05.07 02:12:05,149.0,XAUUSDc,sell,0.9 / 0.9,0.0,2323.354,2310.808,2024.05.07 02:12:05,filled,Range Breakout Sell
2024.05.07 02:29:25,150.0,XAUUSDc,buy,0.9 / 0.9,0.0,,,2024.05.07 02:29:25,filled,sl 2323.354
2024.05.08 00:45:00,151.0,XAUUSDc,sell,2.39 / 2.39,0.0,2314.326,2309.7,2024.05.08 00:45:00,filled,Range Breakout Sell
2024.05.08 00:45:29,152.0,XAUUSDc,buy,2.39 / 2.39,0.0,,,2024.05.08 00:45:29,filled,sl 2314.326
2024.05.10 00:30:07,153.0,XAUUSDc,buy,1.04 / 1.04,0.0,2347.421,2357.672,2024.05.10 00:30:07,filled,Range Breakout Buy
2024.05.10 00:36:37,154.0,XAUUSDc,sell,1.04 / 1.04,0.0,,,2024.05.10 00:36:37,filled,sl 2347.421
2024.05.13 01:15:04,155.0,XAUUSDc,sell,0.51 / 0.51,0.0,2361.76,2341.483,2024.05.13 01:15:04,filled,Range Breakout Sell
2024.05.13 09:26:04,156.0,XAUUSDc,buy,0.51 / 0.51,0.0,,,2024.05.13 09:26:04,filled,tp 2341.483
2024.05.14 00:18:00,157.0,XAUUSDc,buy,1.75 / 1.75,0.0,2338.715,2346.059,2024.05.14 00:18:00,filled,Range Breakout Buy
2024.05.14 00:25:13,158.0,XAUUSDc,sell,1.75 / 1.75,0.0,,,2024.05.14 00:25:13,filled,sl 2338.715
2024.05.15 01:33:02,159.0,XAUUSDc,buy,0.86 / 0.86,0.0,2356.274,2370.566,2024.05.15 01:33:02,filled,Range Breakout Buy
2024.05.15 04:53:37,160.0,XAUUSDc,sell,0.86 / 0.86,0.0,,,2024.05.15 04:53:37,filled,sl 2356.274
2024.05.16 00:12:06,161.0,XAUUSDc,buy,0.78 / 0.78,0.0,2390.394,2405.622,2024.05.16 00:12:06,filled,Range Breakout Buy
2024.05.16 01:55:40,162.0,XAUUSDc,sell,0.78 / 0.78,0.0,,,2024.05.16 01:55:40,filled,sl 2390.394
2024.05.20 00:42:06,163.0,XAUUSDc,buy,0.56 / 0.56,0.0,2422.957,2443.63,2024.05.20 00:42:06,filled,Range Breakout Buy
2024.05.20 05:34:19,164.0,XAUUSDc,sell,0.56 / 0.56,0.0,,,2024.05.20 05:34:19,filled,tp 2443.630
2024.05.22 00:06:01,165.0,XAUUSDc,buy,3.25 / 3.25,0.0,2421.866,2426.285,2024.05.22 00:06:01,filled,Range Breakout Buy
2024.05.22 00:14:33,166.0,XAUUSDc,sell,3.25 / 3.25,0.0,,,2024.05.22 00:14:33,filled,sl 2421.866
2024.05.23 01:12:04,167.0,XAUUSDc,sell,0.31 / 0.31,0.0,2381.451,2337.603,2024.05.23 01:12:04,filled,Range Breakout Sell
2024.05.23 17:28:27,168.0,XAUUSDc,buy,0.31 / 0.31,0.0,,,2024.05.23 17:28:27,filled,tp 2337.603
2024.05.27 02:27:04,169.0,XAUUSDc,buy,1.37 / 1.37,0.0,2339.473,2351.902,2024.05.27 02:27:04,filled,Range Breakout Buy
2024.05.27 02:30:36,170.0,XAUUSDc,sell,1.37 / 1.37,0.0,,,2024.05.27 02:30:36,filled,sl 2339.473
2024.05.28 01:36:00,171.0,XAUUSDc,buy,1.4 / 1.4,0.0,2352.721,2364.457,2024.05.28 01:36:00,filled,Range Breakout Buy
2024.05.28 02:32:24,172.0,XAUUSDc,sell,1.4 / 1.4,0.0,,,2024.05.28 02:32:24,filled,sl 2352.721
2024.05.29 00:45:14,173.0,XAUUSDc,sell,2.72 / 2.72,0.0,2358.248,2352.407,2024.05.29 00:45:14,filled,Range Breakout Sell
2024.05.29 00:48:04,174.0,XAUUSDc,buy,2.72 / 2.72,0.0,,,2024.05.29 00:48:04,filled,sl 2358.248
2024.05.30 00:03:03,175.0,XAUUSDc,sell,0.77 / 0.77,0.0,2338.378,2318.605,2024.05.30 00:03:03,filled,Range Breakout Sell
2024.05.30 01:12:15,176.0,XAUUSDc,buy,0.77 / 0.77,0.0,,,2024.05.30 01:12:15,filled,sl 2338.378
2024.05.31 00:48:02,177.0,XAUUSDc,buy,1.03 / 1.03,0.0,2344.944,2359.317,2024.05.31 00:48:02,filled,Range Breakout Buy
2024.05.31 01:09:36,178.0,XAUUSDc,sell,1.03 / 1.03,0.0,,,2024.05.31 01:09:36,filled,sl 2344.944
2024.06.04 01:09:05,179.0,XAUUSDc,sell,1.61 / 1.61,0.0,2350.571,2341.679,2024.06.04 01:09:05,filled,Range Breakout Sell
2024.06.04 06:04:30,180.0,XAUUSDc,buy,1.61 / 1.61,0.0,,,2024.06.04 06:04:30,filled,sl 2350.571
2024.06.05 01:03:04,181.0,XAUUSDc,sell,0.98 / 0.98,0.0,2328.704,2314.574,2024.06.05 01:03:04,filled,Range Breakout Sell
2024.06.05 01:32:37,182.0,XAUUSDc,buy,0.98 / 0.98,0.0,,,2024.06.05 01:32:37,filled,sl 2328.704
2024.06.06 01:03:02,183.0,XAUUSDc,buy,0.8 / 0.8,0.0,2355.546,2372.268,2024.06.06 01:03:02,filled,Range Breakout Buy
2024.06.06 01:31:36,184.0,XAUUSDc,sell,0.8 / 0.8,0.0,,,2024.06.06 01:31:36,filled,tp 2372.268
2024.06.07 01:12:06,185.0,XAUUSDc,sell,0.78 / 0.78,0.0,2377.237,2355.907,2024.06.07 01:12:06,filled,Range Breakout Sell
2024.06.07 02:51:38,186.0,XAUUSDc,buy,0.78 / 0.78,0.0,,,2024.06.07 02:51:38,filled,sl 2377.237
2024.06.11 01:03:07,187.0,XAUUSDc,sell,0.26 / 0.26,0.0,2310.812,2249.414,2024.06.11 01:03:07,filled,Range Breakout Sell
2024.06.11 12:12:02,188.0,XAUUSDc,buy,0.26 / 0.26,0.0,,,2024.06.11 12:12:02,filled,sl 2310.812
2024.06.12 00:54:01,189.0,XAUUSDc,sell,1.41 / 1.41,0.0,2314.782,2303.721,2024.06.12 00:54:01,filled,Range Breakout Sell
2024.06.12 01:54:38,190.0,XAUUSDc,buy,1.41 / 1.41,0.0,,,2024.06.12 01:54:38,filled,sl 2314.782
2024.06.13 00:03:05,191.0,XAUUSDc,sell,1.38 / 1.38,0.0,2320.774,2309.821,2024.06.13 00:03:05,filled,Range Breakout Sell
2024.06.13 00:24:31,192.0,XAUUSDc,buy,1.38 / 1.38,0.0,,,2024.06.13 00:24:31,filled,sl 2320.774
2024.06.14 00:15:02,193.0,XAUUSDc,sell,1.87 / 1.87,0.0,2302.526,2294.705,2024.06.14 00:15:02,filled,Range Breakout Sell
2024.06.14 00:19:25,194.0,XAUUSDc,buy,1.87 / 1.87,0.0,,,2024.06.14 00:19:25,filled,sl 2302.526
2024.06.17 00:03:01,195.0,XAUUSDc,sell,0.68 / 0.68,0.0,2328.918,2308.092,2024.06.17 00:03:01,filled,Range Breakout Sell
2024.06.17 01:20:39,196.0,XAUUSDc,buy,0.68 / 0.68,0.0,,,2024.06.17 01:20:39,filled,sl 2328.918
2024.06.18 00:03:08,197.0,XAUUSDc,buy,1.03 / 1.03,0.0,2320.634,2333.9,2024.06.18 00:03:08,filled,Range Breakout Buy
2024.06.18 01:17:59,198.0,XAUUSDc,sell,1.03 / 1.03,0.0,,,2024.06.18 01:17:59,filled,sl 2320.634
2024.06.19 01:48:07,199.0,XAUUSDc,buy,1.91 / 1.91,0.0,2329.483,2336.386,2024.06.19 01:48:07,filled,Range Breakout Buy
2024.06.19 02:06:22,200.0,XAUUSDc,sell,1.91 / 1.91,0.0,,,2024.06.19 02:06:22,filled,sl 2329.483
2024.06.20 01:03:05,201.0,XAUUSDc,buy,0.91 / 0.91,0.0,2329.667,2343.518,2024.06.20 01:03:05,filled,Range Breakout Buy
2024.06.20 05:36:23,202.0,XAUUSDc,sell,0.91 / 0.91,0.0,,,2024.06.20 05:36:23,filled,tp 2343.518
2024.06.21 00:03:09,203.0,XAUUSDc,buy,2.48 / 2.48,0.0,2360.764,2367.073,2024.06.21 00:03:09,filled,Range Breakout Buy
2024.06.21 01:15:27,204.0,XAUUSDc,sell,2.48 / 2.48,0.0,,,2024.06.21 01:15:27,filled,sl 2360.764
2024.06.24 01:09:06,205.0,XAUUSDc,buy,0.8 / 0.8,0.0,2321.142,2340.069,2024.06.24 01:09:06,filled,Range Breakout Buy
2024.06.24 02:11:39,206.0,XAUUSDc,sell,0.8 / 0.8,0.0,,,2024.06.24 02:11:39,filled,sl 2321.142
2024.06.25 10:09:06,207.0,XAUUSDc,buy,1.14 / 1.14,0.0,2333.2,2346.07,2024.06.25 10:09:06,filled,Range Breakout Buy
2024.06.25 11:08:36,208.0,XAUUSDc,sell,1.14 / 1.14,0.0,,,2024.06.25 11:08:36,filled,sl 2333.200
2024.06.26 00:15:00,209.0,XAUUSDc,buy,0.54 / 0.54,0.0,2318.718,2345.016,2024.06.26 00:15:00,filled,Range Breakout Buy
2024.06.26 00:36:03,210.0,XAUUSDc,sell,0.54 / 0.54,0.0,,,2024.06.26 00:36:03,filled,sl 2318.718
2024.06.27 00:15:02,211.0,XAUUSDc,buy,1.56 / 1.56,0.0,2298.656,2307.44,2024.06.27 00:15:02,filled,Range Breakout Buy
2024.06.27 00:15:40,212.0,XAUUSDc,sell,1.56 / 1.56,0.0,,,2024.06.27 00:15:40,filled,sl 2298.656
2024.06.28 00:09:04,213.0,XAUUSDc,buy,2.1 / 2.1,0.0,2327.321,2333.621,2024.06.28 00:09:04,filled,Range Breakout Buy
2024.06.28 00:09:36,214.0,XAUUSDc,sell,2.1 / 2.1,0.0,,,2024.06.28 00:09:36,filled,sl 2327.321
2024.07.02 00:03:06,215.0,XAUUSDc,buy,0.9 / 0.9,0.0,2332.087,2346.037,2024.07.02 00:03:06,filled,Range Breakout Buy
2024.07.02 00:23:37,216.0,XAUUSDc,sell,0.9 / 0.9,0.0,,,2024.07.02 00:23:37,filled,sl 2332.087
2024.07.03 00:12:01,217.0,XAUUSDc,buy,3.04 / 3.04,0.0,2331.122,2335.136,2024.07.03 00:12:01,filled,Range Breakout Buy
2024.07.03 00:17:23,218.0,XAUUSDc,sell,3.04 / 3.04,0.0,,,2024.07.03 00:17:23,filled,sl 2331.122
2024.07.04 01:06:07,219.0,XAUUSDc,buy,1.56 / 1.56,0.0,2358.852,2366.313,2024.07.04 01:06:07,filled,Range Breakout Buy
2024.07.04 01:14:40,220.0,XAUUSDc,sell,1.56 / 1.56,0.0,,,2024.07.04 01:14:40,filled,sl 2358.852
2024.07.05 00:33:08,221.0,XAUUSDc,buy,0.98 / 0.98,0.0,2356.857,2368.323,2024.07.05 00:33:08,filled,Range Breakout Buy
2024.07.05 12:16:35,222.0,XAUUSDc,sell,0.98 / 0.98,0.0,,,2024.07.05 12:16:35,filled,tp 2368.323
2024.07.09 00:03:05,223.0,XAUUSDc,buy,1.97 / 1.97,0.0,2361.74,2368.787,2024.07.09 00:03:05,filled,Range Breakout Buy
2024.07.09 00:08:00,224.0,XAUUSDc,sell,1.97 / 1.97,0.0,,,2024.07.09 00:08:00,filled,sl 2361.740
2024.07.15 01:15:07,225.0,XAUUSDc,sell,1.02 / 1.02,0.0,2406.651,2393.628,2024.07.15 01:15:07,filled,Range Breakout Sell
2024.07.15 01:18:14,226.0,XAUUSDc,buy,1.02 / 1.02,0.0,,,2024.07.15 01:18:14,filled,sl 2406.651
2024.07.17 00:42:04,227.0,XAUUSDc,buy,0.45 / 0.45,0.0,2468.561,2497.091,2024.07.17 00:42:04,filled,Range Breakout Buy
2024.07.17 00:59:40,228.0,XAUUSDc,sell,0.45 / 0.45,0.0,,,2024.07.17 00:59:40,filled,sl 2468.561
2024.07.18 00:09:01,229.0,XAUUSDc,sell,1.46 / 1.46,0.0,2458.864,2450.305,2024.07.18 00:09:01,filled,Range Breakout Sell
2024.07.18 00:11:17,230.0,XAUUSDc,buy,1.46 / 1.46,0.0,,,2024.07.18 00:11:17,filled,sl 2458.864
2024.07.19 00:03:00,231.0,XAUUSDc,sell,0.31 / 0.31,0.0,2441.343,2402.553,2024.07.19 00:03:00,filled,Range Breakout Sell
2024.07.19 12:47:39,232.0,XAUUSDc,buy,0.31 / 0.31,0.0,,,2024.07.19 12:47:39,filled,tp 2402.553
2024.07.23 00:33:04,233.0,XAUUSDc,buy,2.09 / 2.09,0.0,2397.253,2404.444,2024.07.23 00:33:04,filled,Range Breakout Buy
2024.07.23 03:06:28,234.0,XAUUSDc,sell,2.09 / 2.09,0.0,,,2024.07.23 03:06:28,filled,sl 2397.253
2024.07.26 01:03:00,235.0,XAUUSDc,sell,0.72 / 0.72,0.0,2362.726,2342.584,2024.07.26 01:03:00,filled,Range Breakout Sell
2024.07.26 01:17:14,236.0,XAUUSDc,buy,0.72 / 0.72,0.0,,,2024.07.26 01:17:14,filled,sl 2362.726
2024.07.29 08:30:00,237.0,XAUUSDc,sell,1.17 / 1.17,0.0,2389.127,2377.112,2024.07.29 08:30:00,filled,Range Breakout Sell
2024.07.29 08:39:37,238.0,XAUUSDc,buy,1.17 / 1.17,0.0,,,2024.07.29 08:39:37,filled,sl 2389.127
2024.07.30 03:51:06,239.0,XAUUSDc,buy,4.26 / 4.26,0.0,2384.676,2387.88,2024.07.30 03:51:06,filled,Range Breakout Buy
2024.07.30 04:31:26,240.0,XAUUSDc,sell,4.26 / 4.26,0.0,,,2024.07.30 04:31:26,filled,tp 2387.880
2024.08.01 02:45:07,241.0,XAUUSDc,sell,0.93 / 0.93,0.0,2445.957,2428.029,2024.08.01 02:45:07,filled,Range Breakout Sell
2024.08.01 04:29:57,242.0,XAUUSDc,buy,0.93 / 0.93,0.0,,,2024.08.01 04:29:57,filled,sl 2445.957
2024.08.02 01:15:08,243.0,XAUUSDc,sell,0.2 / 0.2,0.0,2446.837,2365.549,2024.08.02 01:15:08,filled,Range Breakout Sell
2024.08.02 01:59:04,244.0,XAUUSDc,buy,0.2 / 0.2,0.0,,,2024.08.02 01:59:04,filled,sl 2446.837
2024.08.05 00:03:05,245.0,XAUUSDc,sell,0.53 / 0.53,0.0,2440.984,2411.635,2024.08.05 00:03:05,filled,Range Breakout Sell
2024.08.05 01:42:02,246.0,XAUUSDc,buy,0.53 / 0.53,0.0,,,2024.08.05 01:42:02,filled,sl 2440.984
2024.08.06 05:48:08,247.0,XAUUSDc,sell,0.81 / 0.81,0.0,2405.912,2387.192,2024.08.06 05:48:08,filled,Range Breakout Sell
2024.08.06 06:26:04,248.0,XAUUSDc,buy,0.81 / 0.81,0.0,,,2024.08.06 06:26:04,filled,sl 2405.912
2024.08.07 00:09:12,249.0,XAUUSDc,sell,0.54 / 0.54,0.0,2384.795,2357.633,2024.08.07 00:09:12,filled,Range Breakout Sell
2024.08.07 00:30:34,250.0,XAUUSDc,buy,0.54 / 0.54,0.0,,,2024.08.07 00:30:34,filled,sl 2384.795
2024.08.15 00:03:01,251.0,XAUUSDc,buy,8.35 / 8.35,0.0,2449.377,2451.096,2024.08.15 00:03:01,filled,Range Breakout Buy
2024.08.15 00:05:17,252.0,XAUUSDc,sell,8.35 / 8.35,0.0,,,2024.08.15 00:05:17,filled,sl 2449.377
2024.08.21 01:12:10,253.0,XAUUSDc,buy,1.93 / 1.93,0.0,2515.567,2522.587,2024.08.21 01:12:10,filled,Range Breakout Buy
2024.08.21 01:12:29,254.0,XAUUSDc,sell,1.93 / 1.93,0.0,,,2024.08.21 01:12:29,filled,sl 2515.567
2024.08.26 01:42:02,255.0,XAUUSDc,sell,0.95 / 0.95,0.0,2512.301,2498.612,2024.08.26 01:42:02,filled,Range Breakout Sell
2024.08.26 01:46:28,256.0,XAUUSDc,buy,0.95 / 0.95,0.0,,,2024.08.26 01:46:28,filled,sl 2512.301
2024.08.29 00:03:18,257.0,XAUUSDc,buy,1.15 / 1.15,0.0,2507.967,2518.875,2024.08.29 00:03:18,filled,Range Breakout Buy
2024.08.29 05:53:39,258.0,XAUUSDc,sell,1.15 / 1.15,0.0,,,2024.08.29 05:53:39,filled,tp 2518.875
2024.08.30 00:03:08,259.0,XAUUSDc,sell,1.36 / 1.36,0.0,2519.687,2508.203,2024.08.30 00:03:08,filled,Range Breakout Sell
2024.08.30 01:31:03,260.0,XAUUSDc,buy,1.36 / 1.36,0.0,,,2024.08.30 01:31:03,filled,sl 2519.687
2024.09.02 00:45:02,261.0,XAUUSDc,buy,1.6 / 1.6,0.0,2503.918,2513.386,2024.09.02 00:45:02,filled,Range Breakout Buy
2024.09.02 00:49:36,262.0,XAUUSDc,sell,1.6 / 1.6,0.0,,,2024.09.02 00:49:36,filled,sl 2503.918
2024.09.03 07:21:06,263.0,XAUUSDc,buy,1.88 / 1.88,0.0,2498.966,2506.787,2024.09.03 07:21:06,filled,Range Breakout Buy
2024.09.03 10:07:36,264.0,XAUUSDc,sell,1.88 / 1.88,0.0,,,2024.09.03 10:07:36,filled,sl 2498.966
2024.09.05 04:03:02,265.0,XAUUSDc,sell,2.64 / 2.64,0.0,2494.897,2489.542,2024.09.05 04:03:02,filled,Range Breakout Sell
2024.09.05 04:06:03,266.0,XAUUSDc,buy,2.64 / 2.64,0.0,,,2024.09.05 04:06:03,filled,sl 2494.897
2024.09.12 01:09:05,267.0,XAUUSDc,buy,1.38 / 1.38,0.0,2512.843,2522.698,2024.09.12 01:09:05,filled,Range Breakout Buy
2024.09.12 01:59:01,268.0,XAUUSDc,sell,1.38 / 1.38,0.0,,,2024.09.12 01:59:01,filled,sl 2512.843
2024.09.13 00:33:02,269.0,XAUUSDc,buy,1.97 / 1.97,0.0,2558.906,2565.557,2024.09.13 00:33:02,filled,Range Breakout Buy
2024.09.13 00:49:28,270.0,XAUUSDc,sell,1.97 / 1.97,0.0,,,2024.09.13 00:49:28,filled,sl 2558.906
2024.09.16 00:09:07,271.0,XAUUSDc,buy,2.77 / 2.77,0.0,2580.235,2584.78,2024.09.16 00:09:07,filled,Range Breakout Buy
2024.09.16 01:11:59,272.0,XAUUSDc,sell,2.77 / 2.77,0.0,,,2024.09.16 01:11:59,filled,sl 2580.235
2024.09.18 00:03:08,273.0,XAUUSDc,buy,1.81 / 1.81,0.0,2574.012,2580.69,2024.09.18 00:03:08,filled,Range Breakout Buy
2024.09.18 00:05:25,274.0,XAUUSDc,sell,1.81 / 1.81,0.0,,,2024.09.18 00:05:25,filled,sl 2574.012
2024.09.19 01:03:04,275.0,XAUUSDc,sell,0.35 / 0.35,0.0,2558.754,2526.021,2024.09.19 01:03:04,filled,Range Breakout Sell
2024.09.19 02:07:38,276.0,XAUUSDc,buy,0.35 / 0.35,0.0,,,2024.09.19 02:07:38,filled,sl 2558.754
2024.09.23 00:03:17,277.0,XAUUSDc,sell,1.91 / 1.91,0.0,2620.272,2614.314,2024.09.23 00:03:17,filled,Range Breakout Sell
2024.09.23 00:28:35,278.0,XAUUSDc,buy,1.91 / 1.91,0.0,,,2024.09.23 00:28:35,filled,sl 2620.272
2024.09.24 00:03:02,279.0,XAUUSDc,sell,1.5 / 1.5,0.0,2626.345,2618.947,2024.09.24 00:03:02,filled,Range Breakout Sell
2024.09.24 00:14:33,280.0,XAUUSDc,buy,1.5 / 1.5,0.0,,,2024.09.24 00:14:33,filled,sl 2626.345
2024.09.27 00:03:00,281.0,XAUUSDc,sell,0.87 / 0.87,0.0,2672.708,2660.396,2024.09.27 00:03:00,filled,Range Breakout Sell
2024.09.27 01:27:38,282.0,XAUUSDc,buy,0.87 / 0.87,0.0,,,2024.09.27 01:27:38,filled,sl 2672.708
2024.09.30 00:03:08,283.0,XAUUSDc,buy,0.52 / 0.52,0.0,2662.981,2683.015,2024.09.30 00:03:08,filled,Range Breakout Buy
2024.09.30 00:21:35,284.0,XAUUSDc,sell,0.52 / 0.52,0.0,,,2024.09.30 00:21:35,filled,sl 2662.981
2024.10.02 00:03:03,285.0,XAUUSDc,sell,1 / 1,0.0,2660.652,2650.545,2024.10.02 00:03:03,filled,Range Breakout Sell
2024.10.02 01:48:36,286.0,XAUUSDc,buy,1 / 1,0.0,,,2024.10.02 01:48:36,filled,sl 2660.652
2024.10.03 00:09:08,287.0,XAUUSDc,buy,0.59 / 0.59,0.0,2660.299,2676.877,2024.10.03 00:09:08,filled,Range Breakout Buy
2024.10.03 00:12:36,288.0,XAUUSDc,sell,0.59 / 0.59,0.0,,,2024.10.03 00:12:36,filled,sl 2660.299
2024.10.04 12:33:06,289.0,XAUUSDc,sell,0.05 / 0.05,0.0,2657.61,2497.212,2024.10.04 12:33:06,filled,Range Breakout Sell
2024.10.04 14:52:30,290.0,XAUUSDc,buy,0.05 / 0.05,0.0,,,2024.10.04 14:52:30,filled,sl 2657.610
2024.10.07 00:03:02,291.0,XAUUSDc,sell,0.87 / 0.87,0.0,2650.584,2639.91,2024.10.07 00:03:02,filled,Range Breakout Sell
2024.10.07 00:11:05,292.0,XAUUSDc,buy,0.87 / 0.87,0.0,,,2024.10.07 00:11:05,filled,sl 2650.584
2024.10.10 00:03:04,293.0,XAUUSDc,sell,0.54 / 0.54,0.0,2608.757,2592.143,2024.10.10 00:03:04,filled,Range Breakout Sell
2024.10.10 00:29:27,294.0,XAUUSDc,buy,0.54 / 0.54,0.0,,,2024.10.10 00:29:27,filled,sl 2608.757
2024.10.14 00:03:06,295.0,XAUUSDc,sell,0.51 / 0.51,0.0,2648.131,2630.968,2024.10.14 00:03:06,filled,Range Breakout Sell
2024.10.14 00:31:37,296.0,XAUUSDc,buy,0.51 / 0.51,0.0,,,2024.10.14 00:31:37,filled,sl 2648.131
2024.10.16 00:03:03,297.0,XAUUSDc,sell,0.94 / 0.94,0.0,2660.498,2651.453,2024.10.16 00:03:03,filled,Range Breakout Sell
2024.10.16 00:21:36,298.0,XAUUSDc,buy,0.94 / 0.94,0.0,,,2024.10.16 00:21:36,filled,sl 2660.498
2024.10.21 00:36:04,299.0,XAUUSDc,buy,0.95 / 0.95,0.0,2724.248,2732.951,2024.10.21 00:36:04,filled,Range Breakout Buy
2024.10.21 00:38:38,300.0,XAUUSDc,sell,0.95 / 0.95,0.0,,,2024.10.21 00:38:38,filled,sl 2724.248
2024.10.22 00:06:06,301.0,XAUUSDc,buy,0.93 / 0.93,0.0,2721.863,2730.431,2024.10.22 00:06:06,filled,Range Breakout Buy
2024.10.22 02:08:40,302.0,XAUUSDc,sell,0.93 / 0.93,0.0,,,2024.10.22 02:08:40,filled,tp 2730.431
2024.10.23 00:30:03,303.0,XAUUSDc,sell,1.1 / 1.1,0.0,2746.068,2737.14,2024.10.23 00:30:03,filled,Range Breakout Sell
2024.10.23 00:31:35,304.0,XAUUSDc,buy,1.1 / 1.1,0.0,,,2024.10.23 00:31:35,filled,sl 2746.068
2024.10.25 14:15:08,305.0,XAUUSDc,buy,0.42 / 0.42,0.0,2735.133,2757.66,2024.10.25 14:15:08,filled,Range Breakout Buy
2024.10.25 14:18:41,306.0,XAUUSDc,sell,0.42 / 0.42,0.0,,,2024.10.25 14:18:41,filled,sl 2735.133
2024.10.28 06:12:04,307.0,XAUUSDc,buy,0.71 / 0.71,0.0,2738.985,2751.936,2024.10.28 06:12:04,filled,Range Breakout Buy
2024.10.28 07:24:05,308.0,XAUUSDc,sell,0.71 / 0.71,0.0,,,2024.10.28 07:24:05,filled,sl 2738.985
2024.10.29 00:03:14,309.0,XAUUSDc,buy,1.27 / 1.27,0.0,2743.799,2750.792,2024.10.29 00:03:14,filled,Range Breakout Buy
2024.10.29 00:21:50,310.0,XAUUSDc,sell,1.27 / 1.27,0.0,,,2024.10.29 00:21:50,filled,sl 2743.799
2024.10.30 00:03:03,311.0,XAUUSDc,buy,1.35 / 1.35,0.0,2774.778,2781.123,2024.10.30 00:03:03,filled,Range Breakout Buy
2024.10.30 01:41:39,312.0,XAUUSDc,sell,1.35 / 1.35,0.0,,,2024.10.30 01:41:39,filled,tp 2781.123
2024.10.31 00:03:04,313.0,XAUUSDc,sell,1.52 / 1.52,0.0,2785.746,2778.807,2024.10.31 00:03:04,filled,Range Breakout Sell
2024.10.31 00:09:56,314.0,XAUUSDc,buy,1.52 / 1.52,0.0,,,2024.10.31 00:09:56,filled,sl 2785.746
2024.11.01 01:33:00,315.0,XAUUSDc,buy,0.67 / 0.67,0.0,2746.229,2761.331,2024.11.01 01:33:00,filled,Range Breakout Buy
2024.11.01 01:39:29,316.0,XAUUSDc,sell,0.67 / 0.67,0.0,,,2024.11.01 01:39:29,filled,sl 2746.229
2024.11.04 01:00:05,317.0,XAUUSDc,buy,1.18 / 1.18,0.0,2739.467,2747.846,2024.11.04 01:00:05,filled,Range Breakout Buy
2024.11.04 01:02:36,318.0,XAUUSDc,sell,1.18 / 1.18,0.0,,,2024.11.04 01:02:36,filled,sl 2739.467
2024.11.05 00:03:06,319.0,XAUUSDc,sell,1.17 / 1.17,0.0,2736.27,2728.053,2024.11.05 00:03:06,filled,Range Breakout Sell
2024.11.05 00:25:30,320.0,XAUUSDc,buy,1.17 / 1.17,0.0,,,2024.11.05 00:25:30,filled,sl 2736.270
2024.11.06 01:45:03,321.0,XAUUSDc,buy,0.29 / 0.29,0.0,2744.237,2775.944,2024.11.06 01:45:03,filled,Range Breakout Buy
2024.11.06 02:08:36,322.0,XAUUSDc,sell,0.29 / 0.29,0.0,,,2024.11.06 02:08:36,filled,sl 2744.237
2024.11.07 01:12:00,323.0,XAUUSDc,sell,0.39 / 0.39,0.0,2662.193,2639.216,2024.11.07 01:12:00,filled,Range Breakout Sell
2024.11.07 07:17:20,324.0,XAUUSDc,buy,0.39 / 0.39,0.0,,,2024.11.07 07:17:20,filled,sl 2662.193
2024.11.08 01:03:00,325.0,XAUUSDc,sell,0.24 / 0.24,0.0,2707.59,2672.373,2024.11.08 01:03:00,filled,Range Breakout Sell
2024.11.11 01:03:07,326.0,XAUUSDc,sell,0.23 / 0.23,0.0,2684.863,2647.711,2024.11.11 01:03:07,filled,Range Breakout Sell
2024.11.11 01:58:38,327.0,XAUUSDc,buy,0.24 / 0.24,0.0,,,2024.11.11 01:58:38,filled,tp 2672.373
2024.11.11 13:33:01,328.0,XAUUSDc,buy,0.23 / 0.23,0.0,,,2024.11.11 13:33:01,filled,tp 2647.711
2024.11.12 01:30:04,329.0,XAUUSDc,sell,1.09 / 1.09,0.0,2620.64,2608.886,2024.11.12 01:30:04,filled,Range Breakout Sell
2024.11.12 01:30:39,330.0,XAUUSDc,buy,1.09 / 1.09,0.0,,,2024.11.12 01:30:39,filled,sl 2620.640
2024.11.13 15:06:07,331.0,XAUUSDc,sell,0.41 / 0.41,0.0,2600.722,2570.896,2024.11.13 15:06:07,filled,Range Breakout Sell
2024.11.13 15:11:15,332.0,XAUUSDc,buy,0.41 / 0.41,0.0,,,2024.11.13 15:11:15,filled,sl 2600.722
2024.11.14 01:03:06,333.0,XAUUSDc,sell,0.22 / 0.22,0.0,2572.975,2518.615,2024.11.14 01:03:06,filled,Range Breakout Sell
2024.11.14 15:34:40,334.0,XAUUSDc,buy,0.22 / 0.22,0.0,,,2024.11.14 15:34:40,filled,sl 2572.975
2024.11.15 01:45:08,335.0,XAUUSDc,sell,0.57 / 0.57,0.0,2567.046,2546.562,2024.11.15 01:45:08,filled,Range Breakout Sell
2024.11.15 02:02:41,336.0,XAUUSDc,buy,0.57 / 0.57,0.0,,,2024.11.15 02:02:41,filled,sl 2567.046
2024.11.18 00:54:07,337.0,XAUUSDc,buy,0.43 / 0.43,0.0,2574.038,2600.057,2024.11.18 00:54:07,filled,Range Breakout Buy
2024.11.18 13:30:37,338.0,XAUUSDc,sell,0.43 / 0.43,0.0,,,2024.11.18 13:30:37,filled,tp 2600.057
2024.11.20 00:09:06,339.0,XAUUSDc,buy,2.37 / 2.37,0.0,2635.023,2640.909,2024.11.20 00:09:06,filled,Range Breakout Buy
2024.11.20 01:01:39,340.0,XAUUSDc,sell,2.37 / 2.37,0.0,,,2024.11.20 01:01:39,filled,tp 2640.909
2024.11.22 00:06:06,341.0,XAUUSDc,buy,2.9 / 2.9,0.0,2669.406,2675.31,2024.11.22 00:06:06,filled,Range Breakout Buy
2024.11.22 01:00:29,342.0,XAUUSDc,sell,2.9 / 2.9,0.0,,,2024.11.22 01:00:29,filled,tp 2675.310
2024.11.25 01:00:03,343.0,XAUUSDc,sell,2.86 / 2.86,0.0,2711.459,2704.052,2024.11.25 01:00:03,filled,Range Breakout Sell
2024.11.25 01:03:42,344.0,XAUUSDc,buy,2.86 / 2.86,0.0,,,2024.11.25 01:03:42,filled,tp 2704.052
2024.11.27 00:18:06,345.0,XAUUSDc,sell,2.96 / 2.96,0.0,2631.105,2622.168,2024.11.27 00:18:06,filled,Range Breakout Sell
2024.11.27 01:21:35,346.0,XAUUSDc,buy,2.96 / 2.96,0.0,,,2024.11.27 01:21:35,filled,sl 2631.105
2024.11.28 00:15:10,347.0,XAUUSDc,sell,6.75 / 6.75,0.0,2636.526,2632.701,2024.11.28 00:15:10,filled,Range Breakout Sell
2024.11.28 00:15:26,348.0,XAUUSDc,buy,6.75 / 6.75,0.0,,,2024.11.28 00:15:26,filled,sl 2636.526
2024.11.29 00:09:08,349.0,XAUUSDc,sell,2.91 / 2.91,0.0,2637.978,2629.338,2024.11.29 00:09:08,filled,Range Breakout Sell
2024.11.29 00:30:30,350.0,XAUUSDc,buy,2.91 / 2.91,0.0,,,2024.11.29 00:30:30,filled,sl 2637.978
2024.12.02 00:36:01,351.0,XAUUSDc,sell,0.67 / 0.67,0.0,2644.436,2608.571,2024.12.02 00:36:01,filled,Range Breakout Sell
2024.12.02 11:35:21,352.0,XAUUSDc,buy,0.67 / 0.67,0.0,,,2024.12.02 11:35:21,filled,sl 2644.436
2024.12.03 01:30:04,353.0,XAUUSDc,sell,1.14 / 1.14,0.0,2640.279,2619.705,2024.12.03 01:30:04,filled,Range Breakout Sell
2024.12.03 01:34:16,354.0,XAUUSDc,buy,1.14 / 1.14,0.0,,,2024.12.03 01:34:16,filled,sl 2640.279
2024.12.04 00:06:04,355.0,XAUUSDc,buy,5.51 / 5.51,0.0,2642.827,2646.967,2024.12.04 00:06:04,filled,Range Breakout Buy
2024.12.04 00:12:28,356.0,XAUUSDc,sell,5.51 / 5.51,0.0,,,2024.12.04 00:12:28,filled,sl 2642.827
2024.12.05 05:36:04,357.0,XAUUSDc,buy,1.38 / 1.38,0.0,2650.007,2665.73,2024.12.05 05:36:04,filled,Range Breakout Buy
2024.12.05 06:23:52,358.0,XAUUSDc,sell,1.38 / 1.38,0.0,,,2024.12.05 06:23:52,filled,sl 2650.007
2024.12.10 00:03:18,359.0,XAUUSDc,sell,1.46 / 1.46,0.0,2660.744,2646.425,2024.12.10 00:03:18,filled,Range Breakout Sell
2024.12.10 00:30:26,360.0,XAUUSDc,buy,1.46 / 1.46,0.0,,,2024.12.10 00:30:26,filled,sl 2660.744
2024.12.12 01:18:15,361.0,XAUUSDc,sell,0.85 / 0.85,0.0,2718.237,2694.324,2024.12.12 01:18:15,filled,Range Breakout Sell
2024.12.12 06:58:29,362.0,XAUUSDc,buy,0.85 / 0.85,0.0,,,2024.12.12 06:58:29,filled,sl 2718.237
2024.12.13 00:03:06,363.0,XAUUSDc,sell,2.15 / 2.15,0.0,2680.661,2671.562,2024.12.13 00:03:06,filled,Range Breakout Sell
2024.12.13 00:13:24,364.0,XAUUSDc,buy,2.15 / 2.15,0.0,,,2024.12.13 00:13:24,filled,sl 2680.661
2024.12.17 00:15:14,365.0,XAUUSDc,sell,2.62 / 2.62,0.0,2652.181,2644.936,2024.12.17 00:15:14,filled,Range Breakout Sell
2024.12.17 00:21:42,366.0,XAUUSDc,buy,2.62 / 2.62,0.0,,,2024.12.17 00:21:42,filled,sl 2652.181
2024.12.18 00:09:07,367.0,XAUUSDc,buy,2.1 / 2.1,0.0,2647.162,2655.919,2024.12.18 00:09:07,filled,Range Breakout Buy
2024.12.18 00:19:35,368.0,XAUUSDc,sell,2.1 / 2.1,0.0,,,2024.12.18 00:19:35,filled,sl 2647.162
2024.12.19 00:30:06,369.0,XAUUSDc,buy,0.88 / 0.88,0.0,2591.208,2611.044,2024.12.19 00:30:06,filled,Range Breakout Buy
2024.12.19 01:38:43,370.0,XAUUSDc,sell,0.88 / 0.88,0.0,,,2024.12.19 01:38:43,filled,tp 2611.044
2024.12.20 01:09:04,371.0,XAUUSDc,buy,0.61 / 0.61,0.0,2592.182,2627.525,2024.12.20 01:09:04,filled,Range Breakout Buy
2024.12.20 15:31:40,372.0,XAUUSDc,sell,0.61 / 0.61,0.0,,,2024.12.20 15:31:40,filled,tp 2627.525
2024.12.23 00:36:04,373.0,XAUUSDc,sell,2.07 / 2.07,0.0,2622.061,2609.029,2024.12.23 00:36:04,filled,Range Breakout Sell
2024.12.23 00:46:39,374.0,XAUUSDc,buy,2.07 / 2.07,0.0,,,2024.12.23 00:46:39,filled,sl 2622.061
2024.12.27 03:36:11,375.0,XAUUSDc,buy,2.27 / 2.27,0.0,2633.937,2645.466,2024.12.27 03:36:11,filled,Range Breakout Buy
2024.12.27 03:40:27,376.0,XAUUSDc,sell,2.27 / 2.27,0.0,,,2024.12.27 03:40:27,filled,sl 2633.937
2025.01.03 00:03:08,377.0,XAUUSDc,buy,2 / 2,0.0,2658.368,2670.968,2025.01.03 00:03:08,filled,Range Breakout Buy
2025.01.03 01:24:13,378.0,XAUUSDc,sell,2 / 2,0.0,,,2025.01.03 01:24:13,filled,sl 2658.368
2025.01.06 00:15:02,379.0,XAUUSDc,sell,3.45 / 3.45,0.0,2639.97,2632.932,2025.01.06 00:15:02,filled,Range Breakout Sell
2025.01.06 00:16:28,380.0,XAUUSDc,buy,3.45 / 3.45,0.0,,,2025.01.06 00:16:28,filled,sl 2639.970
2025.01.07 01:03:04,381.0,XAUUSDc,buy,1.1 / 1.1,0.0,2634.755,2656.058,2025.01.07 01:03:04,filled,Range Breakout Buy
2025.01.07 13:17:04,382.0,XAUUSDc,sell,1.1 / 1.1,0.0,,,2025.01.07 13:17:04,filled,tp 2656.058
2025.01.08 00:21:08,383.0,XAUUSDc,buy,7.42 / 7.42,0.0,2650.003,2653.927,2025.01.08 00:21:08,filled,Range Breakout Buy
2025.01.08 01:00:30,384.0,XAUUSDc,sell,7.42 / 7.42,0.0,,,2025.01.08 01:00:30,filled,sl 2650.003
2025.01.09 00:06:18,385.0,XAUUSDc,sell,3.44 / 3.44,0.0,2662.473,2654.418,2025.01.09 00:06:18,filled,Range Breakout Sell
2025.01.09 06:36:27,386.0,XAUUSDc,buy,3.44 / 3.44,0.0,,,2025.01.09 06:36:27,filled,sl 2662.473
2025.01.10 13:33:08,387.0,XAUUSDc,sell,0.29 / 0.29,0.0,2677.453,2584.978,2025.01.10 13:33:08,filled,Range Breakout Sell
2025.01.10 13:45:42,388.0,XAUUSDc,buy,0.29 / 0.29,0.0,,,2025.01.10 13:45:42,filled,sl 2677.453
2025.01.13 00:03:07,389.0,XAUUSDc,buy,3.86 / 3.86,0.0,2690.619,2697.333,2025.01.13 00:03:07,filled,Range Breakout Buy
2025.01.13 00:20:31,390.0,XAUUSDc,sell,3.86 / 3.86,0.0,,,2025.01.13 00:20:31,filled,sl 2690.619
2025.01.14 13:39:01,391.0,XAUUSDc,sell,0.4 / 0.4,0.0,2668.256,2607.101,2025.01.14 13:39:01,filled,Range Breakout Sell
2025.01.14 13:47:36,392.0,XAUUSDc,buy,0.4 / 0.4,0.0,,,2025.01.14 13:47:36,filled,sl 2668.256
2025.01.16 00:03:01,393.0,XAUUSDc,sell,1.56 / 1.56,0.0,2695.621,2680.096,2025.01.16 00:03:01,filled,Range Breakout Sell
2025.01.16 00:16:28,394.0,XAUUSDc,buy,1.56 / 1.56,0.0,,,2025.01.16 00:16:28,filled,sl 2695.621
2025.01.17 01:03:02,395.0,XAUUSDc,sell,0.78 / 0.78,0.0,2714.855,2684.678,2025.01.17 01:03:02,filled,Range Breakout Sell
2025.01.17 01:54:14,396.0,XAUUSDc,buy,0.78 / 0.78,0.0,,,2025.01.17 01:54:14,filled,sl 2714.855
2025.01.20 01:03:03,397.0,XAUUSDc,sell,0.83 / 0.83,0.0,2694.441,2667.09,2025.01.20 01:03:03,filled,Range Breakout Sell
2025.01.20 01:32:20,398.0,XAUUSDc,buy,0.83 / 0.83,0.0,,,2025.01.20 01:32:20,filled,sl 2694.441
2025.01.21 00:09:07,399.0,XAUUSDc,buy,2.89 / 2.89,0.0,2710.246,2717.95,2025.01.21 00:09:07,filled,Range Breakout Buy
2025.01.21 00:15:36,400.0,XAUUSDc,sell,2.89 / 2.89,0.0,,,2025.01.21 00:15:36,filled,sl 2710.246
2025.01.27 01:00:08,401.0,XAUUSDc,buy,2.61 / 2.61,0.0,2768.807,2777.042,2025.01.27 01:00:08,filled,Range Breakout Buy
2025.01.27 01:25:36,402.0,XAUUSDc,sell,2.61 / 2.61,0.0,,,2025.01.27 01:25:36,filled,sl 2768.807
2025.01.28 13:00:03,403.0,XAUUSDc,buy,2.03 / 2.03,0.0,2744.384,2754.698,2025.01.28 13:00:03,filled,Range Breakout Buy
2025.01.28 14:30:32,404.0,XAUUSDc,sell,2.03 / 2.03,0.0,,,2025.01.28 14:30:32,filled,tp 2754.698
2025.01.29 00:03:04,405.0,XAUUSDc,sell,10.66 / 10.66,0.0,2762.707,2760.286,2025.01.29 00:03:04,filled,Range Breakout Sell
2025.01.29 00:03:23,406.0,XAUUSDc,buy,10.66 / 10.66,0.0,,,2025.01.29 00:03:23,filled,sl 2762.707
2025.01.30 00:30:02,407.0,XAUUSDc,buy,2.84 / 2.84,0.0,2760.171,2768.901,2025.01.30 00:30:02,filled,Range Breakout Buy
2025.01.30 01:04:41,408.0,XAUUSDc,sell,2.84 / 2.84,0.0,,,2025.01.30 01:04:41,filled,sl 2760.171
2025.01.31 00:06:08,409.0,XAUUSDc,buy,1.02 / 1.02,0.0,2795.936,2819.192,2025.01.31 00:06:08,filled,Range Breakout Buy
2025.01.31 00:34:40,410.0,XAUUSDc,sell,1.02 / 1.02,0.0,,,2025.01.31 00:34:40,filled,sl 2795.936
2025.02.03 01:12:07,411.0,XAUUSDc,sell,0.87 / 0.87,0.0,2786.037,2759.415,2025.02.03 01:12:07,filled,Range Breakout Sell
2025.02.03 01:13:41,412.0,XAUUSDc,buy,0.87 / 0.87,0.0,,,2025.02.03 01:13:41,filled,sl 2786.037
2025.02.04 00:33:07,413.0,XAUUSDc,buy,2.55 / 2.55,0.0,2814.676,2823.523,2025.02.04 00:33:07,filled,Range Breakout Buy
2025.02.04 01:45:59,414.0,XAUUSDc,sell,2.55 / 2.55,0.0,,,2025.02.04 01:45:59,filled,tp 2823.523
2025.02.05 00:30:05,415.0,XAUUSDc,buy,2.86 / 2.86,0.0,2841.766,2851.549,2025.02.05 00:30:05,filled,Range Breakout Buy
2025.02.05 01:31:42,416.0,XAUUSDc,sell,2.86 / 2.86,0.0,,,2025.02.05 01:31:42,filled,sl 2841.766
2025.02.06 01:09:03,417.0,XAUUSDc,sell,1.41 / 1.41,0.0,2867.386,2848.261,2025.02.06 01:09:03,filled,Range Breakout Sell
2025.02.06 01:19:39,418.0,XAUUSDc,buy,1.41 / 1.41,0.0,,,2025.02.06 01:19:39,filled,sl 2867.386
2025.02.07 00:03:01,419.0,XAUUSDc,buy,2.95 / 2.95,0.0,2857.99,2866.891,2025.02.07 00:03:01,filled,Range Breakout Buy
2025.02.07 01:00:04,420.0,XAUUSDc,sell,2.95 / 2.95,0.0,,,2025.02.07 01:00:04,filled,sl 2857.990
2025.02.10 01:03:06,421.0,XAUUSDc,buy,0.69 / 0.69,0.0,2867.786,2904.137,2025.02.10 01:03:06,filled,Range Breakout Buy
2025.02.10 01:30:30,422.0,XAUUSDc,sell,0.69 / 0.69,0.0,,,2025.02.10 01:30:30,filled,sl 2867.786
2025.02.11 00:51:03,423.0,XAUUSDc,buy,1.71 / 1.71,0.0,2920.189,2934.553,2025.02.11 00:51:03,filled,Range Breakout Buy
2025.02.11 01:05:04,424.0,XAUUSDc,sell,1.71 / 1.71,0.0,,,2025.02.11 01:05:04,filled,sl 2920.189
2025.02.12 00:06:04,425.0,XAUUSDc,sell,1.25 / 1.25,0.0,2898.075,2878.923,2025.02.12 00:06:04,filled,Range Breakout Sell
2025.02.12 00:14:14,426.0,XAUUSDc,buy,1.25 / 1.25,0.0,,,2025.02.12 00:14:14,filled,sl 2898.075
2025.02.13 00:06:06,427.0,XAUUSDc,buy,2.59 / 2.59,0.0,2905.878,2914.842,2025.02.13 00:06:06,filled,Range Breakout Buy
2025.02.13 00:21:48,428.0,XAUUSDc,sell,2.59 / 2.59,0.0,,,2025.02.13 00:21:48,filled,sl 2905.878
2025.02.14 01:12:00,429.0,XAUUSDc,buy,1.74 / 1.74,0.0,2931.603,2944.464,2025.02.14 01:12:00,filled,Range Breakout Buy
2025.02.14 01:14:40,430.0,XAUUSDc,sell,1.74 / 1.74,0.0,,,2025.02.14 01:14:40,filled,sl 2931.603
2025.02.18 01:09:07,431.0,XAUUSDc,sell,2.51 / 2.51,0.0,2897.752,2889.121,2025.02.18 01:09:07,filled,Range Breakout Sell
2025.02.18 01:15:22,432.0,XAUUSDc,buy,2.51 / 2.51,0.0,,,2025.02.18 01:15:22,filled,sl 2897.752
2025.02.19 00:03:02,433.0,XAUUSDc,sell,2.39 / 2.39,0.0,2934.059,2925.203,2025.02.19 00:03:02,filled,Range Breakout Sell
2025.02.19 00:05:30,434.0,XAUUSDc,buy,2.39 / 2.39,0.0,,,2025.02.19 00:05:30,filled,sl 2934.059
2025.02.20 00:03:05,435.0,XAUUSDc,buy,1.22 / 1.22,0.0,2935.386,2952.225,2025.02.20 00:03:05,filled,Range Breakout Buy
2025.02.20 01:35:37,436.0,XAUUSDc,sell,1.22 / 1.22,0.0,,,2025.02.20 01:35:37,filled,sl 2935.386
2025.02.21 00:27:05,437.0,XAUUSDc,sell,1.18 / 1.18,0.0,2940.311,2923.625,2025.02.21 00:27:05,filled,Range Breakout Sell
2025.02.21 00:49:38,438.0,XAUUSDc,buy,1.18 / 1.18,0.0,,,2025.02.21 00:49:38,filled,sl 2940.311
2025.02.26 00:03:00,439.0,XAUUSDc,buy,1.29 / 1.29,0.0,2918.631,2933.508,2025.02.26 00:03:00,filled,Range Breakout Buy
2025.02.26 01:56:38,440.0,XAUUSDc,sell,1.29 / 1.29,0.0,,,2025.02.26 01:56:38,filled,sl 2918.631
2025.02.27 01:09:13,441.0,XAUUSDc,sell,1.78 / 1.78,0.0,2916.264,2905.824,2025.02.27 01:09:13,filled,Range Breakout Sell
2025.02.27 01:34:58,442.0,XAUUSDc,buy,1.78 / 1.78,0.0,,,2025.02.27 01:34:58,filled,sl 2916.264
2025.02.28 01:57:15,443.0,XAUUSDc,sell,0.79 / 0.79,0.0,2876.518,2853.73,2025.02.28 01:57:15,filled,Range Breakout Sell
2025.02.28 02:22:13,444.0,XAUUSDc,buy,0.79 / 0.79,0.0,,,2025.02.28 02:22:13,filled,sl 2876.518
2025.03.03 03:12:05,445.0,XAUUSDc,sell,1 / 1,0.0,2864.737,2847.16,2025.03.03 03:12:05,filled,Range Breakout Sell
2025.03.03 03:36:03,446.0,XAUUSDc,buy,1 / 1,0.0,,,2025.03.03 03:36:03,filled,sl 2864.737
2025.03.05 00:03:03,447.0,XAUUSDc,sell,0.86 / 0.86,0.0,2914.505,2894.921,2025.03.05 00:03:03,filled,Range Breakout Sell
2025.03.05 00:10:19,448.0,XAUUSDc,buy,0.86 / 0.86,0.0,,,2025.03.05 00:10:19,filled,sl 2914.505
2025.03.06 00:06:07,449.0,XAUUSDc,buy,7.35 / 7.35,0.0,2918.806,2921.056,2025.03.06 00:06:07,filled,Range Breakout Buy
2025.03.06 00:06:38,450.0,XAUUSDc,sell,7.35 / 7.35,0.0,,,2025.03.06 00:06:38,filled,sl 2918.806
2025.03.10 00:09:08,451.0,XAUUSDc,buy,2.04 / 2.04,0.0,2916.461,2924.048,2025.03.10 00:09:08,filled,Range Breakout Buy
2025.03.10 00:13:39,452.0,XAUUSDc,sell,2.04 / 2.04,0.0,,,2025.03.10 00:13:39,filled,sl 2916.461
2025.03.17 09:39:06,453.0,XAUUSDc,buy,1.29 / 1.29,0.0,2992.937,3004.52,2025.03.17 09:39:06,filled,Range Breakout Buy
2025.03.17 12:08:31,454.0,XAUUSDc,sell,1.29 / 1.29,0.0,,,2025.03.17 12:08:31,filled,sl 2992.937
2025.03.19 00:03:01,455.0,XAUUSDc,sell,5.27 / 5.27,0.0,3031.808,3029.063,2025.03.19 00:03:01,filled,Range Breakout Sell
2025.03.19 00:03:35,456.0,XAUUSDc,buy,5.27 / 5.27,0.0,,,2025.03.19 00:03:35,filled,sl 3031.808
2025.03.20 00:03:01,457.0,XAUUSDc,buy,1.1 / 1.1,0.0,3050.023,3062.713,2025.03.20 00:03:01,filled,Range Breakout Buy
2025.03.20 01:59:29,458.0,XAUUSDc,sell,1.1 / 1.1,0.0,,,2025.03.20 01:59:29,filled,sl 3050.023
2025.03.21 00:03:06,459.0,XAUUSDc,buy,3.19 / 3.19,0.0,3046.335,3050.565,2025.03.21 00:03:06,filled,Range Breakout Buy
2025.03.21 00:05:16,460.0,XAUUSDc,sell,3.19 / 3.19,0.0,,,2025.03.21 00:05:16,filled,sl 3046.335
2025.03.25 00:51:01,461.0,XAUUSDc,buy,1.16 / 1.16,0.0,3011.375,3022.562,2025.03.25 00:51:01,filled,Range Breakout Buy
2025.03.25 01:20:38,462.0,XAUUSDc,sell,1.16 / 1.16,0.0,,,2025.03.25 01:20:38,filled,sl 3011.375
2025.03.26 00:36:06,463.0,XAUUSDc,sell,1.09 / 1.09,0.0,3020.912,3009.446,2025.03.26 00:36:06,filled,Range Breakout Sell
2025.03.26 01:35:39,464.0,XAUUSDc,buy,1.09 / 1.09,0.0,,,2025.03.26 01:35:39,filled,sl 3020.912
2025.03.27 00:03:16,465.0,XAUUSDc,buy,1.27 / 1.27,0.0,3021.522,3031.044,2025.03.27 00:03:16,filled,Range Breakout Buy
2025.03.27 02:42:45,466.0,XAUUSDc,sell,1.27 / 1.27,0.0,,,2025.03.27 02:42:45,filled,tp 3031.044
2025.03.28 00:06:00,467.0,XAUUSDc,buy,0.95 / 0.95,0.0,3056.423,3072.164,2025.03.28 00:06:00,filled,Range Breakout Buy
2025.03.28 01:48:41,468.0,XAUUSDc,sell,0.95 / 0.95,0.0,,,2025.03.28 01:48:41,filled,tp 3072.164
2025.03.31 00:03:08,469.0,XAUUSDc,sell,0.84 / 0.84,0.0,3089.729,3067.688,2025.03.31 00:03:08,filled,Range Breakout Sell
2025.03.31 01:26:20,470.0,XAUUSDc,buy,0.84 / 0.84,0.0,,,2025.03.31 01:26:20,filled,sl 3089.729
2025.04.01 00:45:06,471.0,XAUUSDc,buy,1.58 / 1.58,0.0,3125.205,3136.563,2025.04.01 00:45:06,filled,Range Breakout Buy
2025.04.01 01:46:00,472.0,XAUUSDc,sell,1.58 / 1.58,0.0,,,2025.04.01 01:46:00,filled,tp 3136.563
2025.04.02 00:24:08,473.0,XAUUSDc,buy,0.49 / 0.49,0.0,3115.411,3160.069,2025.04.02 00:24:08,filled,Range Breakout Buy
2025.04.02 05:00:37,474.0,XAUUSDc,sell,0.49 / 0.49,0.0,,,2025.04.02 05:00:37,filled,sl 3115.411
2025.04.03 06:30:04,475.0,XAUUSDc,sell,0.4 / 0.4,0.0,3128.357,3074.744,2025.04.03 06:30:04,filled,Range Breakout Sell
2025.04.03 06:48:30,476.0,XAUUSDc,buy,0.4 / 0.4,0.0,,,2025.04.03 06:48:30,filled,sl 3128.357
2025.04.04 00:30:03,477.0,XAUUSDc,sell,0.94 / 0.94,0.0,3111.653,3089.594,2025.04.04 00:30:03,filled,Range Breakout Sell
2025.04.04 00:52:37,478.0,XAUUSDc,buy,0.94 / 0.94,0.0,,,2025.04.04 00:52:37,filled,sl 3111.653
2025.04.08 00:27:05,479.0,XAUUSDc,buy,1.7 / 1.7,0.0,2987.614,2999.413,2025.04.08 00:27:05,filled,Range Breakout Buy
2025.04.08 00:52:40,480.0,XAUUSDc,sell,1.7 / 1.7,0.0,,,2025.04.08 00:52:40,filled,sl 2987.614
2025.04.11 00:21:05,481.0,XAUUSDc,buy,0.71 / 0.71,0.0,3188.717,3215.789,2025.04.11 00:21:05,filled,Range Breakout Buy
2025.04.11 00:43:38,482.0,XAUUSDc,sell,0.71 / 0.71,0.0,,,2025.04.11 00:43:38,filled,tp 3215.789
2025.04.15 01:09:04,483.0,XAUUSDc,buy,0.83 / 0.83,0.0,3212.174,3240.758,2025.04.15 01:09:04,filled,Range Breakout Buy
2025.04.15 13:53:41,484.0,XAUUSDc,sell,0.83 / 0.83,0.0,,,2025.04.15 13:53:41,filled,sl 3212.174
2025.04.16 00:03:02,485.0,XAUUSDc,buy,0.29 / 0.29,0.0,3251.59,3330.592,2025.04.16 00:03:02,filled,Range Breakout Buy
2025.04.16 16:24:26,486.0,XAUUSDc,sell,0.29 / 0.29,0.0,,,2025.04.16 16:24:26,filled,tp 3330.592
2025.04.17 00:45:02,487.0,XAUUSDc,sell,1.13 / 1.13,0.0,3345.616,3320.317,2025.04.17 00:45:02,filled,Range Breakout Sell
2025.04.17 00:47:30,488.0,XAUUSDc,buy,1.13 / 1.13,0.0,,,2025.04.17 00:47:30,filled,sl 3345.616
2025.04.22 00:06:02,489.0,XAUUSDc,sell,0.29 / 0.29,0.0,3427.126,3333.733,2025.04.22 00:06:02,filled,Range Breakout Sell
2025.04.22 00:20:28,490.0,XAUUSDc,buy,0.29 / 0.29,0.0,,,2025.04.22 00:20:28,filled,sl 3427.126
2025.04.23 00:30:02,491.0,XAUUSDc,buy,0.54 / 0.54,0.0,3345.409,3394.693,2025.04.23 00:30:02,filled,Range Breakout Buy
2025.04.23 03:04:38,492.0,XAUUSDc,sell,0.54 / 0.54,0.0,,,2025.04.23 03:04:38,filled,sl 3345.409
2025.04.25 01:51:07,493.0,XAUUSDc,sell,0.77 / 0.77,0.0,3349.269,3315.645,2025.04.25 01:51:07,filled,Range Breakout Sell
2025.04.25 02:03:14,494.0,XAUUSDc,buy,0.77 / 0.77,0.0,,,2025.04.25 02:03:14,filled,sl 3349.269
2025.04.29 00:30:02,495.0,XAUUSDc,sell,1.42 / 1.42,0.0,3333.858,3316.011,2025.04.29 00:30:02,filled,Range Breakout Sell
2025.04.29 00:37:14,496.0,XAUUSDc,buy,1.42 / 1.42,0.0,,,2025.04.29 00:37:14,filled,sl 3333.858
2025.04.30 00:09:05,497.0,XAUUSDc,buy,0.96 / 0.96,0.0,3321.151,3346.63,2025.04.30 00:09:05,filled,Range Breakout Buy
2025.04.30 00:15:42,498.0,XAUUSDc,sell,0.96 / 0.96,0.0,,,2025.04.30 00:15:42,filled,sl 3321.151
2025.05.05 01:06:00,499.0,XAUUSDc,buy,0.61 / 0.61,0.0,3249.729,3288.348,2025.05.05 01:06:00,filled,Range Breakout Buy
2025.05.05 09:04:41,500.0,XAUUSDc,sell,0.61 / 0.61,0.0,,,2025.05.05 09:04:41,filled,tp 3288.348
2025.05.06 01:03:14,501.0,XAUUSDc,buy,0.17 / 0.17,0.0,3329.618,3495.245,2025.05.06 01:03:14,filled,Range Breakout Buy
2025.05.08 00:15:04,502.0,XAUUSDc,buy,1.03 / 1.03,0.0,3375.317,3403.838,2025.05.08 00:15:04,filled,Range Breakout Buy
2025.05.08 01:52:31,503.0,XAUUSDc,sell,1.03 / 1.03,0.0,,,2025.05.08 01:52:31,filled,tp 3403.838
2025.05.08 06:33:32,504.0,XAUUSDc,sell,0.17 / 0.17,0.0,,,2025.05.08 06:33:32,filled,sl 3329.618
2025.05.12 01:15:07,505.0,XAUUSDc,sell,0.82 / 0.82,0.0,3266.682,3223.707,2025.05.12 01:15:07,filled,Range Breakout Sell
2025.05.12 01:22:55,506.0,XAUUSDc,buy,0.82 / 0.82,0.0,,,2025.05.12 01:22:55,filled,sl 3266.682
2025.05.13 00:09:07,507.0,XAUUSDc,buy,0.98 / 0.98,0.0,3238.993,3273.463,2025.05.13 00:09:07,filled,Range Breakout Buy
2025.05.13 00:21:58,508.0,XAUUSDc,sell,0.98 / 0.98,0.0,,,2025.05.13 00:21:58,filled,sl 3238.993
2025.05.14 00:03:07,509.0,XAUUSDc,sell,0.54 / 0.54,0.0,3254.658,3194.214,2025.05.14 00:03:07,filled,Range Breakout Sell
2025.05.14 12:46:33,510.0,XAUUSDc,buy,0.54 / 0.54,0.0,,,2025.05.14 12:46:33,filled,tp 3194.214
2025.05.15 01:45:02,511.0,XAUUSDc,sell,0.86 / 0.86,0.0,3183.117,3135.939,2025.05.15 01:45:02,filled,Range Breakout Sell
2025.05.15 04:54:41,512.0,XAUUSDc,buy,0.86 / 0.86,0.0,,,2025.05.15 04:54:41,filled,tp 3135.939
2025.05.19 00:12:00,513.0,XAUUSDc,buy,0.93 / 0.93,0.0,3241.201,3295.408,2025.05.19 00:12:00,filled,Range Breakout Buy
2025.05.19 00:53:42,514.0,XAUUSDc,sell,0.93 / 0.93,0.0,,,2025.05.19 00:53:42,filled,sl 3241.201
2025.05.20 00:21:15,515.0,XAUUSDc,sell,6.08 / 6.08,0.0,3219.958,3211.903,2025.05.20 00:21:15,filled,Range Breakout Sell
2025.05.20 00:29:05,516.0,XAUUSDc,buy,6.08 / 6.08,0.0,,,2025.05.20 00:29:05,filled,sl 3219.958
2025.05.22 08:33:06,517.0,XAUUSDc,sell,1.09 / 1.09,0.0,3318.722,3275.513,2025.05.22 08:33:06,filled,Range Breakout Sell
2025.05.23 00:06:01,518.0,XAUUSDc,sell,1.88 / 1.88,0.0,3296.442,3271.305,2025.05.23 00:06:01,filled,Range Breakout Sell
2025.05.23 00:07:30,519.0,XAUUSDc,buy,1.88 / 1.88,0.0,,,2025.05.23 00:07:30,filled,sl 3296.442
2025.05.23 05:15:41,520.0,XAUUSDc,buy,1.09 / 1.09,0.0,,,2025.05.23 05:15:41,filled,sl 3318.722
2025.05.26 00:12:00,521.0,XAUUSDc,sell,1.07 / 1.07,0.0,3342.024,3300.579,2025.05.26 00:12:00,filled,Range Breakout Sell
2025.05.26 00:59:28,522.0,XAUUSDc,buy,1.07 / 1.07,0.0,,,2025.05.26 00:59:28,filled,sl 3342.024
2025.05.27 00:15:00,523.0,XAUUSDc,buy,1.83 / 1.83,0.0,3346.795,3370.339,2025.05.27 00:15:00,filled,Range Breakout Buy
2025.05.27 00:19:16,524.0,XAUUSDc,sell,1.83 / 1.83,0.0,,,2025.05.27 00:19:16,filled,sl 3346.795
2025.05.28 03:21:00,525.0,XAUUSDc,sell,0.65 / 0.65,0.0,3302.037,3238.47,2025.05.28 03:21:00,filled,Range Breakout Sell
2025.05.28 05:07:36,526.0,XAUUSDc,buy,0.65 / 0.65,0.0,,,2025.05.28 05:07:36,filled,sl 3302.037
2025.05.29 10:21:11,527.0,XAUUSDc,buy,1.1 / 1.1,0.0,3291.723,3328.605,2025.05.29 10:21:11,filled,Range Breakout Buy
2025.05.29 16:14:43,528.0,XAUUSDc,sell,1.1 / 1.1,0.0,,,2025.05.29 16:14:43,filled,tp 3328.605
2025.06.02 04:57:06,529.0,XAUUSDc,buy,2.61 / 2.61,0.0,3314.787,3334.002,2025.06.02 04:57:06,filled,Range Breakout Buy
2025.06.02 04:58:57,530.0,XAUUSDc,sell,2.61 / 2.61,0.0,,,2025.06.02 04:58:57,filled,sl 3314.787
2025.06.03 00:06:03,531.0,XAUUSDc,sell,1.28 / 1.28,0.0,3386.035,3348.811,2025.06.03 00:06:03,filled,Range Breakout Sell
2025.06.03 13:46:00,532.0,XAUUSDc,buy,1.28 / 1.28,0.0,,,2025.06.03 13:46:00,filled,tp 3348.811
2025.06.09 00:18:04,533.0,XAUUSDc,sell,1.89 / 1.89,0.0,3311.782,3280.345,2025.06.09 00:18:04,filled,Range Breakout Sell
2025.06.09 00:34:31,534.0,XAUUSDc,buy,1.89 / 1.89,0.0,,,2025.06.09 00:34:31,filled,sl 3311.782
2025.06.10 06:33:07,535.0,XAUUSDc,buy,2.43 / 2.43,0.0,3325.421,3348.992,2025.06.10 06:33:07,filled,Range Breakout Buy
2025.06.10 06:59:58,536.0,XAUUSDc,sell,2.43 / 2.43,0.0,,,2025.06.10 06:59:58,filled,sl 3325.421
2025.06.12 07:39:07,537.0,XAUUSDc,sell,0.91 / 0.91,0.0,3360.299,3299.144,2025.06.12 07:39:07,filled,Range Breakout Sell
2025.06.12 08:28:42,538.0,XAUUSDc,buy,0.91 / 0.91,0.0,,,2025.06.12 08:28:42,filled,sl 3360.299
2025.06.13 00:03:03,539.0,XAUUSDc,buy,0.69 / 0.69,0.0,3391.695,3469.95,2025.06.13 00:03:03,filled,Range Breakout Buy
2025.06.16 13:54:40,540.0,XAUUSDc,sell,0.69 / 0.69,0.0,,,2025.06.16 13:54:40,filled,sl 3391.695
2025.06.18 04:33:06,541.0,XAUUSDc,buy,3.3 / 3.3,0.0,3394.516,3410.311,2025.06.18 04:33:06,filled,Range Breakout Buy
2025.06.18 04:34:39,542.0,XAUUSDc,sell,3.3 / 3.3,0.0,,,2025.06.18 04:34:39,filled,sl 3394.516
2025.06.20 01:12:08,543.0,XAUUSDc,sell,1.48 / 1.48,0.0,3364.301,3330.461,2025.06.20 01:12:08,filled,Range Breakout Sell
2025.06.20 01:47:34,544.0,XAUUSDc,buy,1.48 / 1.48,0.0,,,2025.06.20 01:47:34,filled,sl 3364.301
2025.06.23 00:06:07,545.0,XAUUSDc,sell,2.16 / 2.16,0.0,3372.928,3350.509,2025.06.23 00:06:07,filled,Range Breakout Sell
2025.06.23 05:35:26,546.0,XAUUSDc,buy,2.16 / 2.16,0.0,,,2025.06.23 05:35:26,filled,tp 3350.509
2025.06.24 00:03:08,547.0,XAUUSDc,sell,0.86 / 0.86,0.0,3345.218,3275.864,2025.06.24 00:03:08,filled,Range Breakout Sell
2025.06.24 00:15:03,548.0,XAUUSDc,buy,0.86 / 0.86,0.0,,,2025.06.24 00:15:03,filled,sl 3345.218
2025.06.25 12:45:03,549.0,XAUUSDc,sell,1.84 / 1.84,0.0,3323.306,3291.77,2025.06.25 12:45:03,filled,Range Breakout Sell
2025.06.25 14:30:41,550.0,XAUUSDc,buy,1.84 / 1.84,0.0,,,2025.06.25 14:30:41,filled,sl 3323.306
2025.06.27 00:06:08,551.0,XAUUSDc,sell,5.57 / 5.57,0.0,3316.969,3306.826,2025.06.27 00:06:08,filled,Range Breakout Sell
2025.06.27 00:08:27,552.0,XAUUSDc,buy,5.57 / 5.57,0.0,,,2025.06.27 00:08:27,filled,sl 3316.969
2025.06.30 01:27:12,553.0,XAUUSDc,buy,1.59 / 1.59,0.0,3271.853,3305.72,2025.06.30 01:27:12,filled,Range Breakout Buy
2025.06.30 01:36:40,554.0,XAUUSDc,sell,1.59 / 1.59,0.0,,,2025.06.30 01:36:40,filled,sl 3271.853
2025.07.01 01:00:09,555.0,XAUUSDc,buy,4.48 / 4.48,0.0,3313.429,3325.066,2025.07.01 01:00:09,filled,Range Breakout Buy
2025.07.01 05:03:37,556.0,XAUUSDc,sell,4.48 / 4.48,0.0,,,2025.07.01 05:03:37,filled,tp 3325.066
2025.07.02 00:06:01,557.0,XAUUSDc,sell,11.73 / 11.73,0.0,3337.114,3331.561,2025.07.02 00:06:01,filled,Range Breakout Sell
2025.07.02 00:06:17,558.0,XAUUSDc,buy,11.73 / 11.73,0.0,,,2025.07.02 00:06:17,filled,sl 3337.114
2025.07.03 00:03:07,559.0,XAUUSDc,sell,2.07 / 2.07,0.0,3349.895,3319.331,2025.07.03 00:03:07,filled,Range Breakout Sell
2025.07.03 02:49:36,560.0,XAUUSDc,buy,2.07 / 2.07,0.0,,,2025.07.03 02:49:36,filled,sl 3349.895
2025.07.04 01:21:06,561.0,XAUUSDc,buy,3.46 / 3.46,0.0,3330.332,3347.963,2025.07.04 01:21:06,filled,Range Breakout Buy
2025.07.04 01:35:14,562.0,XAUUSDc,sell,3.46 / 3.46,0.0,,,2025.07.04 01:35:14,filled,sl 3330.332
2025.07.08 00:03:03,563.0,XAUUSDc,sell,3.22 / 3.22,0.0,3335.675,3317.342,2025.07.08 00:03:03,filled,Range Breakout Sell
2025.07.08 00:04:37,564.0,XAUUSDc,buy,3.22 / 3.22,0.0,,,2025.07.08 00:04:37,filled,sl 3335.675
2025.07.09 00:03:01,565.0,XAUUSDc,buy,1.38 / 1.38,0.0,3301.815,3343.161,2025.07.09 00:03:01,filled,Range Breakout Buy
2025.07.09 01:13:30,566.0,XAUUSDc,sell,1.38 / 1.38,0.0,,,2025.07.09 01:13:30,filled,sl 3301.815
2025.07.10 00:45:06,567.0,XAUUSDc,buy,4.49 / 4.49,0.0,3320.329,3332.668,2025.07.10 00:45:06,filled,Range Breakout Buy
2025.07.10 00:45:40,568.0,XAUUSDc,sell,4.49 / 4.49,0.0,,,2025.07.10 00:45:40,filled,sl 3320.329
2025.07.14 07:30:02,569.0,XAUUSDc,buy,1.56 / 1.56,0.0,3370.738,3405.019,2025.07.14 07:30:02,filled,Range Breakout Buy
2025.07.14 07:38:00,570.0,XAUUSDc,sell,1.56 / 1.56,0.0,,,2025.07.14 07:38:00,filled,sl 3370.738
2025.07.15 13:27:03,571.0,XAUUSDc,sell,2.39 / 2.39,0.0,3343.16,3321.506,2025.07.15 13:27:03,filled,Range Breakout Sell
2025.07.15 13:53:39,572.0,XAUUSDc,buy,2.39 / 2.39,0.0,,,2025.07.15 13:53:39,filled,sl 3343.160
2025.07.22 12:45:06,573.0,XAUUSDc,buy,2.76 / 2.76,0.0,3401.687,3419.876,2025.07.22 12:45:06,filled,Range Breakout Buy
2025.07.22 12:49:37,574.0,XAUUSDc,sell,2.76 / 2.76,0.0,,,2025.07.22 12:49:37,filled,sl 3401.687
2025.07.23 01:06:08,575.0,XAUUSDc,sell,1.16 / 1.16,0.0,3430.262,3388.799,2025.07.23 01:06:08,filled,Range Breakout Sell
2025.07.23 09:06:38,576.0,XAUUSDc,buy,1.16 / 1.16,0.0,,,2025.07.23 09:06:38,filled,sl 3430.262
2025.07.24 01:09:01,577.0,XAUUSDc,sell,0.85 / 0.85,0.0,3391.667,3336.65,2025.07.24 01:09:01,filled,Range Breakout Sell
2025.07.24 01:15:37,578.0,XAUUSDc,buy,0.85 / 0.85,0.0,,,2025.07.24 01:15:37,filled,sl 3391.667
2025.07.25 02:21:02,579.0,XAUUSDc,sell,7.4 / 7.4,0.0,3365.671,3359.524,2025.07.25 02:21:02,filled,Range Breakout Sell
2025.07.25 02:25:37,580.0,XAUUSDc,buy,7.4 / 7.4,0.0,,,2025.07.25 02:25:37,filled,sl 3365.671
2025.07.30 00:03:05,581.0,XAUUSDc,buy,1.81 / 1.81,0.0,3327.206,3351.407,2025.07.30 00:03:05,filled,Range Breakout Buy
2025.07.30 01:35:42,582.0,XAUUSDc,sell,1.81 / 1.81,0.0,,,2025.07.30 01:35:42,filled,sl 3327.206
2025.07.31 00:03:01,583.0,XAUUSDc,buy,2.16 / 2.16,0.0,3284.339,3304.058,2025.07.31 00:03:01,filled,Range Breakout Buy
2025.07.31 00:07:36,584.0,XAUUSDc,sell,2.16 / 2.16,0.0,,,2025.07.31 00:07:36,filled,sl 3284.339
2025.08.01 03:12:08,585.0,XAUUSDc,buy,1.31 / 1.31,0.0,3293.493,3324.903,2025.08.01 03:12:08,filled,Range Breakout Buy
2025.08.01 03:21:24,586.0,XAUUSDc,sell,1.31 / 1.31,0.0,,,2025.08.01 03:21:24,filled,sl 3293.493
2025.08.06 00:21:07,587.0,XAUUSDc,buy,3.07 / 3.07,0.0,3382.572,3395.577,2025.08.06 00:21:07,filled,Range Breakout Buy
2025.08.06 00:41:24,588.0,XAUUSDc,sell,3.07 / 3.07,0.0,,,2025.08.06 00:41:24,filled,sl 3382.572
2025.08.07 00:03:13,589.0,XAUUSDc,sell,0.99 / 0.99,0.0,3370.403,3331.658,2025.08.07 00:03:13,filled,Range Breakout Sell
2025.08.07 00:14:30,590.0,XAUUSDc,buy,0.99 / 0.99,0.0,,,2025.08.07 00:14:30,filled,sl 3370.403
2025.08.11 00:03:05,591.0,XAUUSDc,sell,1.5 / 1.5,0.0,3391.639,3366.628,2025.08.11 00:03:05,filled,Range Breakout Sell
2025.08.11 00:08:05,592.0,XAUUSDc,buy,1.5 / 1.5,0.0,,,2025.08.11 00:08:05,filled,sl 3391.639
2025.08.13 00:03:01,593.0,XAUUSDc,sell,2.48 / 2.48,0.0,3350.783,3336.122,2025.08.13 00:03:01,filled,Range Breakout Sell
2025.08.13 01:46:27,594.0,XAUUSDc,buy,2.48 / 2.48,0.0,,,2025.08.13 01:46:27,filled,sl 3350.783
2025.08.14 00:03:01,595.0,XAUUSDc,buy,1.75 / 1.75,0.0,3362.743,3382.939,2025.08.14 00:03:01,filled,Range Breakout Buy
2025.08.14 03:00:01,596.0,XAUUSDc,sell,1.75 / 1.75,0.0,,,2025.08.14 03:00:01,filled,sl 3362.743
2025.08.18 00:18:07,597.0,XAUUSDc,buy,2.5 / 2.5,0.0,3334.156,3347.836,2025.08.18 00:18:07,filled,Range Breakout Buy
2025.08.18 03:31:40,598.0,XAUUSDc,sell,2.5 / 2.5,0.0,,,2025.08.18 03:31:40,filled,tp 3347.836
2025.08.19 00:03:00,599.0,XAUUSDc,sell,1.67 / 1.67,0.0,3330.99,3305.691,2025.08.19 00:03:00,filled,Range Breakout Sell
2025.08.19 00:06:29,600.0,XAUUSDc,buy,1.67 / 1.67,0.0,,,2025.08.19 00:06:29,filled,sl 3330.990
2025.08.21 00:03:05,601.0,XAUUSDc,sell,3.96 / 3.96,0.0,3346.906,3336.502,2025.08.21 00:03:05,filled,Range Breakout Sell
2025.08.21 06:22:16,602.0,XAUUSDc,buy,3.96 / 3.96,0.0,,,2025.08.21 06:22:16,filled,tp 3336.502
2025.08.22 14:03:03,603.0,XAUUSDc,buy,0.28 / 0.28,0.0,3333.733,3512.383,2025.08.22 14:03:03,filled,Range Breakout Buy
2025.08.25 00:06:02,604.0,XAUUSDc,sell,3.4 / 3.4,0.0,3367.427,3352.379,2025.08.25 00:06:02,filled,Range Breakout Sell
2025.08.25 01:02:02,605.0,XAUUSDc,buy,3.4 / 3.4,0.0,,,2025.08.25 01:02:02,filled,sl 3367.427
2025.08.26 00:15:01,606.0,XAUUSDc,buy,0.82 / 0.82,0.0,3362.343,3422.301,2025.08.26 00:15:01,filled,Range Breakout Buy
2025.08.28 00:15:03,607.0,XAUUSDc,sell,9 / 9,0.0,3395.278,3389.761,2025.08.28 00:15:03,filled,Range Breakout Sell
2025.08.28 00:15:36,608.0,XAUUSDc,buy,9 / 9,0.0,,,2025.08.28 00:15:36,filled,sl 3395.278
2025.08.28 19:56:30,609.0,XAUUSDc,sell,0.82 / 0.82,0.0,,,2025.08.28 19:56:30,filled,tp 3422.301
2025.08.29 13:15:01,610.0,XAUUSDc,buy,4.09 / 4.09,0.0,3417.048,3431.574,2025.08.29 13:15:01,filled,Range Breakout Buy
2025.08.29 13:25:59,611.0,XAUUSDc,sell,4.09 / 4.09,0.0,,,2025.08.29 13:25:59,filled,sl 3417.048
2025.09.01 02:00:05,612.0,XAUUSDc,buy,0.85 / 0.85,0.0,3449.787,3516.684,2025.09.01 02:00:05,filled,Range Breakout Buy
2025.09.02 07:54:10,613.0,XAUUSDc,sell,1.22 / 1.22,0.0,3479.014,3431.989,2025.09.02 07:54:10,filled,Range Breakout Sell
2025.09.02 08:35:37,614.0,XAUUSDc,buy,1.22 / 1.22,0.0,,,2025.09.02 08:35:37,filled,sl 3479.014
2025.09.02 14:47:29,615.0,XAUUSDc,sell,0.28 / 0.28,0.0,,,2025.09.02 14:47:29,filled,tp 3512.383
2025.09.02 15:47:27,616.0,XAUUSDc,sell,0.85 / 0.85,0.0,,,2025.09.02 15:47:27,filled,tp 3516.684
2025.09.03 00:21:07,617.0,XAUUSDc,buy,2.78 / 2.78,0.0,3531.851,3560.669,2025.09.03 00:21:07,filled,Range Breakout Buy
2025.09.03 02:59:38,618.0,XAUUSDc,sell,2.78 / 2.78,0.0,,,2025.09.03 02:59:38,filled,sl 3531.851
2025.09.04 00:09:06,619.0,XAUUSDc,sell,2.27 / 2.27,0.0,3556.932,3522.867,2025.09.04 00:09:06,filled,Range Breakout Sell
2025.09.04 00:11:19,620.0,XAUUSDc,buy,2.27 / 2.27,0.0,,,2025.09.04 00:11:19,filled,sl 3556.932
2025.09.05 00:03:06,621.0,XAUUSDc,buy,3.1 / 3.1,0.0,3552.532,3576.715,2025.09.05 00:03:06,filled,Range Breakout Buy
2025.09.05 00:05:31,622.0,XAUUSDc,sell,3.1 / 3.1,0.0,,,2025.09.05 00:05:31,filled,sl 3552.532
2025.09.09 00:15:02,623.0,XAUUSDc,buy,9.52 / 9.52,0.0,3636.253,3643.84,2025.09.09 00:15:02,filled,Range Breakout Buy
2025.09.09 01:09:39,624.0,XAUUSDc,sell,9.52 / 9.52,0.0,,,2025.09.09 01:09:39,filled,sl 3636.253
2025.09.10 04:09:03,625.0,XAUUSDc,buy,5.55 / 5.55,0.0,3639.454,3652.063,2025.09.10 04:09:03,filled,Range Breakout Buy
2025.09.10 09:45:35,626.0,XAUUSDc,sell,5.55 / 5.55,0.0,,,2025.09.10 09:45:35,filled,tp 3652.063
2025.09.12 01:03:11,627.0,XAUUSDc,buy,2.91 / 2.91,0.0,3636.484,3666.139,2025.09.12 01:03:11,filled,Range Breakout Buy
2025.09.15 00:03:30,628.0,XAUUSDc,sell,2.91 / 2.91,0.0,,,2025.09.15 00:03:30,filled,sl 3636.484
2025.09.15 00:06:03,629.0,XAUUSDc,sell,5.62 / 5.62,0.0,3637.824,3622.983,2025.09.15 00:06:03,filled,Range Breakout Sell
2025.09.15 00:07:37,630.0,XAUUSDc,buy,5.62 / 5.62,0.0,,,2025.09.15 00:07:37,filled,sl 3637.824
2025.09.16 00:18:01,631.0,XAUUSDc,buy,4.4 / 4.4,0.0,3679.098,3697.494,2025.09.16 00:18:01,filled,Range Breakout Buy
2025.09.16 01:15:37,632.0,XAUUSDc,sell,4.4 / 4.4,0.0,,,2025.09.16 01:15:37,filled,sl 3679.098
2025.09.17 01:24:00,633.0,XAUUSDc,sell,3.99 / 3.99,0.0,3691.138,3671.5,2025.09.17 01:24:00,filled,Range Breakout Sell
2025.09.17 06:44:29,634.0,XAUUSDc,buy,3.99 / 3.99,0.0,,,2025.09.17 06:44:29,filled,tp 3671.500
2025.09.24 00:03:05,635.0,XAUUSDc,sell,2.99 / 2.99,0.0,3765.156,3732.657,2025.09.24 00:03:05,filled,Range Breakout Sell
2025.09.24 00:24:37,636.0,XAUUSDc,buy,2.99 / 2.99,0.0,,,2025.09.24 00:24:37,filled,sl 3765.156
2025.09.25 00:06:04,637.0,XAUUSDc,buy,3.04 / 3.04,0.0,3743.086,3774.136,2025.09.25 00:06:04,filled,Range Breakout Buy
2025.09.25 01:10:28,638.0,XAUUSDc,sell,3.04 / 3.04,0.0,,,2025.09.25 01:10:28,filled,sl 3743.086
2025.09.29 00:12:00,639.0,XAUUSDc,buy,5.16 / 5.16,0.0,3771.558,3789.324,2025.09.29 00:12:00,filled,Range Breakout Buy
2025.09.29 01:24:28,640.0,XAUUSDc,sell,5.16 / 5.16,0.0,,,2025.09.29 01:24:28,filled,sl 3771.558
2025.09.30 00:03:16,641.0,XAUUSDc,buy,3.9 / 3.9,0.0,3831.091,3853.798,2025.09.30 00:03:16,filled,Range Breakout Buy
2025.09.30 03:13:30,642.0,XAUUSDc,sell,3.9 / 3.9,0.0,,,2025.09.30 03:13:30,filled,tp 3853.798
2025.10.01 00:03:10,643.0,XAUUSDc,buy,7.03 / 7.03,0.0,3862.349,3877.955,2025.10.01 00:03:10,filled,Range Breakout Buy
2025.10.01 00:26:17,644.0,XAUUSDc,sell,7.03 / 7.03,0.0,,,2025.10.01 00:26:17,filled,sl 3862.349
2025.10.02 00:21:00,645.0,XAUUSDc,sell,3.92 / 3.92,0.0,3860.409,3833.292,2025.10.02 00:21:00,filled,Range Breakout Sell
2025.10.02 00:24:29,646.0,XAUUSDc,buy,3.92 / 3.92,0.0,,,2025.10.02 00:24:29,filled,sl 3860.409
2025.10.03 01:24:07,647.0,XAUUSDc,sell,3.7 / 3.7,0.0,3854.685,3826.821,2025.10.03 01:24:07,filled,Range Breakout Sell
2025.10.03 01:39:42,648.0,XAUUSDc,buy,3.7 / 3.7,0.0,,,2025.10.03 01:39:42,filled,sl 3854.685
2025.10.06 02:03:04,649.0,XAUUSDc,buy,1.91 / 1.91,0.0,3917.537,3969.485,2025.10.06 02:03:04,filled,Range Breakout Buy
2025.10.06 16:08:38,650.0,XAUUSDc,sell,1.91 / 1.91,0.0,,,2025.10.06 16:08:38,filled,tp 3969.485
2025.10.09 04:30:05,651.0,XAUUSDc,buy,13.66 / 13.66,0.0,4037.27,4046.27,2025.10.09 04:30:05,filled,Range Breakout Buy
2025.10.09 04:36:38,652.0,XAUUSDc,sell,13.66 / 13.66,0.0,,,2025.10.09 04:36:38,filled,sl 4037.270
2025.10.10 00:12:02,653.0,XAUUSDc,buy,6.27 / 6.27,0.0,3988.75,4007.515,2025.10.10 00:12:02,filled,Range Breakout Buy
2025.10.10 00:13:42,654.0,XAUUSDc,sell,6.27 / 6.27,0.0,,,2025.10.10 00:13:42,filled,sl 3988.750
2025.10.14 06:24:01,655.0,XAUUSDc,sell,0.75 / 0.75,0.0,4109.008,3958.591,2025.10.14 06:24:01,filled,Range Breakout Sell
2025.10.14 06:26:02,656.0,XAUUSDc,buy,0.75 / 0.75,0.0,,,2025.10.14 06:26:02,filled,sl 4109.008
2025.10.15 00:12:03,657.0,XAUUSDc,buy,7.69 / 7.69,0.0,4165.981,4180.381,2025.10.15 00:12:03,filled,Range Breakout Buy
2025.10.15 00:18:41,658.0,XAUUSDc,sell,7.69 / 7.69,0.0,,,2025.10.15 00:18:41,filled,sl 4165.981
2025.10.16 00:18:08,659.0,XAUUSDc,buy,8.47 / 8.47,0.0,4214.828,4227.464,2025.10.16 00:18:08,filled,Range Breakout Buy
2025.10.16 00:59:20,660.0,XAUUSDc,sell,8.47 / 8.47,0.0,,,2025.10.16 00:59:20,filled,sl 4214.828
2025.10.17 01:18:05,661.0,XAUUSDc,sell,0.56 / 0.56,0.0,4348.448,4163.705,2025.10.17 01:18:05,filled,Range Breakout Sell
2025.10.17 02:50:15,662.0,XAUUSDc,buy,0.56 / 0.56,0.0,,,2025.10.17 02:50:15,filled,sl 4348.448
2025.10.20 00:12:00,663.0,XAUUSDc,sell,1.6 / 1.6,0.0,4238.845,4175.935,2025.10.20 00:12:00,filled,Range Breakout Sell
2025.10.20 00:37:47,664.0,XAUUSDc,buy,1.6 / 1.6,0.0,,,2025.10.20 00:37:47,filled,sl 4238.845
2025.10.22 00:03:03,665.0,XAUUSDc,sell,0.41 / 0.41,0.0,4094.052,3855.246,2025.10.22 00:03:03,filled,Range Breakout Sell
2025.10.22 01:04:21,666.0,XAUUSDc,buy,0.41 / 0.41,0.0,,,2025.10.22 01:04:21,filled,sl 4094.052
2025.10.23 00:21:01,667.0,XAUUSDc,sell,1.85 / 1.85,0.0,4085.376,4034.157,2025.10.23 00:21:01,filled,Range Breakout Sell
2025.10.23 00:52:42,668.0,XAUUSDc,buy,1.85 / 1.85,0.0,,,2025.10.23 00:52:42,filled,sl 4085.376
2025.10.27 00:03:09,669.0,XAUUSDc,sell,1.32 / 1.32,0.0,4067.716,3998.137,2025.10.27 00:03:09,filled,Range Breakout Sell
2025.10.27 00:07:31,670.0,XAUUSDc,buy,1.32 / 1.32,0.0,,,2025.10.27 00:07:31,filled,sl 4067.716
2025.10.28 00:21:06,671.0,XAUUSDc,sell,0.81 / 0.81,0.0,3985.878,3876.564,2025.10.28 00:21:06,filled,Range Breakout Sell
2025.10.28 00:30:29,672.0,XAUUSDc,buy,0.81 / 0.81,0.0,,,2025.10.28 00:30:29,filled,sl 3985.878
2025.10.30 00:03:06,673.0,XAUUSDc,buy,1.43 / 1.43,0.0,3952.011,4012.176,2025.10.30 00:03:06,filled,Range Breakout Buy
2025.10.30 00:36:39,674.0,XAUUSDc,sell,1.43 / 1.43,0.0,,,2025.10.30 00:36:39,filled,sl 3952.011
2025.11.05 00:06:05,675.0,XAUUSDc,buy,3.27 / 3.27,0.0,3937.71,3963.387,2025.11.05 00:06:05,filled,Range Breakout Buy
2025.11.05 00:07:03,676.0,XAUUSDc,sell,3.27 / 3.27,0.0,,,2025.11.05 00:07:03,filled,sl 3937.710
2025.11.06 02:33:06,677.0,XAUUSDc,buy,2.22 / 2.22,0.0,3978.12,4014.624,2025.11.06 02:33:06,filled,Range Breakout Buy
2025.11.06 08:27:40,678.0,XAUUSDc,sell,2.22 / 2.22,0.0,,,2025.11.06 08:27:40,filled,tp 4014.624
2025.11.10 00:03:01,679.0,XAUUSDc,buy,4.96 / 4.96,0.0,4011.132,4031.319,2025.11.10 00:03:01,filled,Range Breakout Buy
2025.11.10 01:16:39,680.0,XAUUSDc,sell,4.96 / 4.96,0.0,,,2025.11.10 01:16:39,filled,tp 4031.319
2025.11.11 00:27:00,681.0,XAUUSDc,buy,4.43 / 4.43,0.0,4120.655,4148.582,2025.11.11 00:27:00,filled,Range Breakout Buy
2025.11.11 04:02:39,682.0,XAUUSDc,sell,4.43 / 4.43,0.0,,,2025.11.11 04:02:39,filled,tp 4148.582
2025.11.12 00:06:05,683.0,XAUUSDc,buy,8.53 / 8.53,0.0,4143.156,4161.12,2025.11.12 00:06:05,filled,Range Breakout Buy
2025.11.12 00:07:39,684.0,XAUUSDc,sell,8.53 / 8.53,0.0,,,2025.11.12 00:07:39,filled,sl 4143.156
2025.11.14 00:21:08,685.0,XAUUSDc,buy,4.97 / 4.97,0.0,4185.301,4215.019,2025.11.14 00:21:08,filled,Range Breakout Buy
2025.11.14 00:27:34,686.0,XAUUSDc,sell,4.97 / 4.97,0.0,,,2025.11.14 00:27:34,filled,sl 4185.301
2025.11.18 13:36:04,687.0,XAUUSDc,buy,1.45 / 1.45,0.0,4049.606,4147.994,2025.11.18 13:36:04,filled,Range Breakout Buy
2025.11.18 15:51:04,688.0,XAUUSDc,sell,1.45 / 1.45,0.0,,,2025.11.18 15:51:04,filled,sl 4049.606
2025.11.20 00:03:02,689.0,XAUUSDc,buy,3.25 / 3.25,0.0,4104.668,4147.373,2025.11.20 00:03:02,filled,Range Breakout Buy
2025.11.20 00:05:03,690.0,XAUUSDc,sell,3.25 / 3.25,0.0,,,2025.11.20 00:05:03,filled,sl 4104.668
2025.11.21 16:51:00,691.0,XAUUSDc,buy,0.98 / 0.98,0.0,4078.047,4214.496,2025.11.21 16:51:00,filled,Range Breakout Buy
2025.11.21 18:30:36,692.0,XAUUSDc,sell,0.98 / 0.98,0.0,,,2025.11.21 18:30:36,filled,sl 4078.047
2025.11.24 00:09:03,693.0,XAUUSDc,sell,2.31 / 2.31,0.0,4068.921,4012.581,2025.11.24 00:09:03,filled,Range Breakout Sell
2025.11.24 01:00:05,694.0,XAUUSDc,buy,2.31 / 2.31,0.0,,,2025.11.24 01:00:05,filled,sl 4068.921
2025.11.26 00:09:03,695.0,XAUUSDc,buy,3.79 / 3.79,0.0,4133.742,4167.177,2025.11.26 00:09:03,filled,Range Breakout Buy
2025.11.26 03:07:57,696.0,XAUUSDc,sell,3.79 / 3.79,0.0,,,2025.11.26 03:07:57,filled,tp 4167.177
2025.11.28 00:03:02,697.0,XAUUSDc,buy,10.31 / 10.31,0.0,4163.093,4178.348,2025.11.28 00:03:02,filled,Range Breakout Buy
2025.11.28 00:34:30,698.0,XAUUSDc,sell,10.31 / 10.31,0.0,,,2025.11.28 00:34:30,filled,tp 4178.348
2025.12.01 00:30:01,699.0,XAUUSDc,buy,7.66 / 7.66,0.0,4224.309,4249.725,2025.12.01 00:30:01,filled,Range Breakout Buy
2025.12.01 01:04:41,700.0,XAUUSDc,sell,7.66 / 7.66,0.0,,,2025.12.01 01:04:41,filled,sl 4224.309
2025.12.03 01:03:05,701.0,XAUUSDc,buy,4.03 / 4.03,0.0,4211.553,4258.362,2025.12.03 01:03:05,filled,Range Breakout Buy
2025.12.03 05:39:27,702.0,XAUUSDc,sell,4.03 / 4.03,0.0,,,2025.12.03 05:39:27,filled,sl 4211.553
2025.12.04 00:09:15,703.0,XAUUSDc,buy,7.23 / 7.23,0.0,4206.279,4231.533,2025.12.04 00:09:15,filled,Range Breakout Buy
2025.12.04 01:05:40,704.0,XAUUSDc,sell,7.23 / 7.23,0.0,,,2025.12.04 01:05:40,filled,sl 4206.279
2025.12.05 00:18:05,705.0,XAUUSDc,buy,8.7 / 8.7,0.0,4208.028,4228.386,2025.12.05 00:18:05,filled,Range Breakout Buy
2025.12.05 00:18:40,706.0,XAUUSDc,sell,8.7 / 8.7,0.0,,,2025.12.05 00:18:40,filled,sl 4208.028
2025.12.08 00:39:06,707.0,XAUUSDc,buy,7.02 / 7.02,0.0,4207.044,4231.425,2025.12.08 00:39:06,filled,Range Breakout Buy
2025.12.08 01:00:43,708.0,XAUUSDc,sell,7.02 / 7.02,0.0,,,2025.12.08 01:00:43,filled,sl 4207.044
2025.12.11 00:03:05,709.0,XAUUSDc,buy,5.67 / 5.67,0.0,4231.298,4260.431,2025.12.11 00:03:05,filled,Range Breakout Buy
2025.12.11 02:11:40,710.0,XAUUSDc,sell,5.67 / 5.67,0.0,,,2025.12.11 02:11:40,filled,sl 4231.298
2025.12.12 00:54:06,711.0,XAUUSDc,sell,6.46 / 6.46,0.0,4274.518,4249.777,2025.12.12 00:54:06,filled,Range Breakout Sell
2025.12.12 01:13:25,712.0,XAUUSDc,buy,6.46 / 6.46,0.0,,,2025.12.12 01:13:25,filled,sl 4274.518
2025.12.15 01:03:04,713.0,XAUUSDc,buy,2.81 / 2.81,0.0,4305.777,4360.911,2025.12.15 01:03:04,filled,Range Breakout Buy
2025.12.15 16:05:32,714.0,XAUUSDc,sell,2.81 / 2.81,0.0,,,2025.12.15 16:05:32,filled,sl 4305.777
2025.12.17 00:03:15,715.0,XAUUSDc,buy,6.87 / 6.87,0.0,4307.375,4329.326,2025.12.17 00:03:15,filled,Range Breakout Buy
2025.12.17 04:42:30,716.0,XAUUSDc,sell,6.87 / 6.87,0.0,,,2025.12.17 04:42:30,filled,tp 4329.326
2025.12.18 00:51:06,717.0,XAUUSDc,sell,6.7 / 6.7,0.0,4336.672,4308.754,2025.12.18 00:51:06,filled,Range Breakout Sell
2025.12.18 01:01:38,718.0,XAUUSDc,buy,6.7 / 6.7,0.0,,,2025.12.18 01:01:38,filled,sl 4336.672
2025.12.19 00:06:07,719.0,XAUUSDc,sell,7.62 / 7.62,0.0,4335.841,4312.036,2025.12.19 00:06:07,filled,Range Breakout Sell
2025.12.19 01:28:39,720.0,XAUUSDc,buy,7.62 / 7.62,0.0,,,2025.12.19 01:28:39,filled,tp 4312.036
2025.12.22 00:03:16,721.0,XAUUSDc,buy,3.19 / 3.19,0.0,4355.278,4426.207,2025.12.22 00:03:16,filled,Range Breakout Buy
2025.12.22 13:11:04,722.0,XAUUSDc,sell,3.19 / 3.19,0.0,,,2025.12.22 13:11:04,filled,tp 4426.207
2025.12.23 00:06:07,723.0,XAUUSDc,buy,10.54 / 10.54,0.0,4459.946,4486.532,2025.12.23 00:06:07,filled,Range Breakout Buy
2025.12.23 01:12:13,724.0,XAUUSDc,sell,10.54 / 10.54,0.0,,,2025.12.23 01:12:13,filled,tp 4486.532
2025.12.24 03:00:06,725.0,XAUUSDc,sell,1.59 / 1.59,0.0,4501.822,4283.104,2025.12.24 03:00:06,filled,Range Breakout Sell
2025.12.26 00:06:42,726.0,XAUUSDc,buy,1.59 / 1.59,0.0,,,2025.12.26 00:06:42,filled,sl 4501.822
2025.12.29 00:03:17,727.0,XAUUSDc,sell,5.06 / 5.06,0.0,4528.03,4460.881,2025.12.29 00:03:17,filled,Range Breakout Sell
2025.12.29 07:00:28,728.0,XAUUSDc,buy,5.06 / 5.06,0.0,,,2025.12.29 07:00:28,filled,tp 4460.881
Deals,,,,,,,,,,
